-- --------------------------------------------------------
-- 호스트:                          stg-yswa-kr-practice-db-master.mariadb.database.azure.com
-- 서버 버전:                        10.3.23-MariaDB - MariaDB Server
-- 서버 OS:                        Win64
-- HeidiSQL 버전:                  11.3.0.6295
-- --------------------------------------------------------

/*!40101 SET @OLD_CHARACTER_SET_CLIENT=@@CHARACTER_SET_CLIENT */;
/*!40101 SET NAMES utf8 */;
/*!50503 SET NAMES utf8mb4 */;
/*!40014 SET @OLD_FOREIGN_KEY_CHECKS=@@FOREIGN_KEY_CHECKS, FOREIGN_KEY_CHECKS=0 */;
/*!40101 SET @OLD_SQL_MODE=@@SQL_MODE, SQL_MODE='NO_AUTO_VALUE_ON_ZERO' */;
/*!40111 SET @OLD_SQL_NOTES=@@SQL_NOTES, SQL_NOTES=0 */;

-- s07p23b307 데이터베이스 구조 내보내기
CREATE DATABASE IF NOT EXISTS `s07p23b307` /*!40100 DEFAULT CHARACTER SET utf8mb4 COLLATE utf8mb4_bin */;
USE `s07p23b307`;

-- 테이블 s07p23b307.accounts_category 구조 내보내기
CREATE TABLE IF NOT EXISTS `accounts_category` (
  `id` bigint(20) NOT NULL AUTO_INCREMENT,
  `categoryName` varchar(20) COLLATE utf8mb4_bin DEFAULT NULL,
  `categoryNumber` varchar(20) COLLATE utf8mb4_bin DEFAULT NULL,
  `user_id` bigint(20) NOT NULL,
  PRIMARY KEY (`id`),
  KEY `accounts_category_user_id_890cc037_fk_accounts_user_id` (`user_id`),
  CONSTRAINT `accounts_category_user_id_890cc037_fk_accounts_user_id` FOREIGN KEY (`user_id`) REFERENCES `accounts_user` (`id`)
) ENGINE=InnoDB AUTO_INCREMENT=44 DEFAULT CHARSET=utf8mb4 COLLATE=utf8mb4_bin;

-- 테이블 데이터 s07p23b307.accounts_category:~41 rows (대략적) 내보내기
/*!40000 ALTER TABLE `accounts_category` DISABLE KEYS */;
INSERT INTO `accounts_category` (`id`, `categoryName`, `categoryNumber`, `user_id`) VALUES
	(1, '한식', NULL, 4),
	(2, '노래방', NULL, 4),
	(3, 'PC방', NULL, 4),
	(4, '일식', NULL, 4),
	(5, '치킨', NULL, 4),
	(6, '중식', NULL, 4),
	(7, '양식', NULL, 4),
	(8, '고기', NULL, 28),
	(9, '한식', NULL, 28),
	(10, '카페', NULL, 28),
	(11, '헬스장', NULL, 28),
	(12, '테마거리', NULL, 29),
	(13, '공원', NULL, 29),
	(14, '영화관', NULL, 29),
	(17, '고기', NULL, 31),
	(18, '한식', NULL, 31),
	(19, '카페', NULL, 31),
	(20, 'PC방', NULL, 31),
	(21, '공원', NULL, 31),
	(22, '간식 / 분식 / 후식', NULL, 32),
	(23, '고기', NULL, 32),
	(24, '제과 / 빵', NULL, 32),
	(25, 'PC방', NULL, 32),
	(26, '노래방', NULL, 32),
	(27, '영화관', NULL, 32),
	(28, '서점 / 도서관', NULL, 32),
	(29, '공원', NULL, 32),
	(30, '고기', NULL, 33),
	(31, '탕 / 찌개', NULL, 33),
	(32, '치킨', NULL, 33),
	(33, '제과 / 빵', NULL, 33),
	(34, '볼링장', NULL, 33),
	(35, 'PC방', NULL, 33),
	(36, '테마카페', NULL, 33),
	(37, '헬스장', NULL, 33),
	(38, '간식 / 분식 / 후식', NULL, 34),
	(39, '고기', NULL, 34),
	(40, '카페', NULL, 34),
	(41, '제과 / 빵', NULL, 34),
	(42, '노래방', NULL, 34),
	(43, '영화관', NULL, 34);
/*!40000 ALTER TABLE `accounts_category` ENABLE KEYS */;

-- 테이블 s07p23b307.accounts_emailcheck 구조 내보내기
CREATE TABLE IF NOT EXISTS `accounts_emailcheck` (
  `id` bigint(20) NOT NULL AUTO_INCREMENT,
  `emailToken` varchar(255) COLLATE utf8mb4_bin NOT NULL,
  `created` datetime(6) NOT NULL,
  `is_expired` tinyint(1) NOT NULL,
  PRIMARY KEY (`id`)
) ENGINE=InnoDB AUTO_INCREMENT=76 DEFAULT CHARSET=utf8mb4 COLLATE=utf8mb4_bin;

-- 테이블 데이터 s07p23b307.accounts_emailcheck:~75 rows (대략적) 내보내기
/*!40000 ALTER TABLE `accounts_emailcheck` DISABLE KEYS */;
INSERT INTO `accounts_emailcheck` (`id`, `emailToken`, `created`, `is_expired`) VALUES
	(1, 'RptVRyIPMv', '2022-09-29 09:56:01.007677', 0),
	(2, 'OsZECNkrQy', '2022-09-29 09:56:28.997734', 0),
	(3, 'pzryjlomhf', '2022-09-29 10:18:34.637974', 0),
	(4, 'cUcmBwViCV', '2022-09-29 11:07:13.038439', 0),
	(5, 'wxcuWalkJk', '2022-09-30 09:52:57.757425', 0),
	(6, 'FNSWIksKHA', '2022-09-30 10:37:08.319215', 0),
	(7, 'RGXGikmqnJ', '2022-09-30 10:38:52.245446', 0),
	(8, 'kKtZwOVdvL', '2022-09-30 10:39:58.178756', 0),
	(9, 'YWRBqtViam', '2022-09-30 10:57:43.700994', 0),
	(10, 'QzUKDUYSde', '2022-09-30 14:10:28.088784', 0),
	(11, 'UCZFhSPcGE', '2022-09-30 17:57:13.143046', 0),
	(12, 'QnSecAZzks', '2022-09-30 17:57:35.096034', 0),
	(13, 'ZTBeRMCZAH', '2022-09-30 21:40:10.539305', 0),
	(14, 'zCtXhXNRlj', '2022-09-30 22:53:18.034119', 0),
	(15, 'HpkVXdqWhr', '2022-09-30 23:40:42.484994', 0),
	(16, 'dstGsnXDkD', '2022-10-01 01:04:41.693806', 0),
	(17, 'CAgAVSrOfK', '2022-10-01 01:05:08.122720', 0),
	(18, 'OGEfNHLWYB', '2022-10-01 01:07:45.962476', 0),
	(19, 'hxDgubxNCG', '2022-10-01 01:08:23.098168', 0),
	(20, 'AJKrHyVJjy', '2022-10-01 01:09:30.024146', 0),
	(21, 'rbKuEWpQPH', '2022-10-01 01:19:21.461054', 0),
	(22, 'NANNaKiGdp', '2022-10-01 01:20:56.565182', 0),
	(23, 'AUqXeIMLNc', '2022-10-01 01:21:27.788692', 0),
	(24, 'enBLrjQuJp', '2022-10-01 01:22:04.402445', 0),
	(25, 'ltcxjMyVTy', '2022-10-01 01:23:10.880691', 0),
	(26, 'wOGxZzNRgE', '2022-10-01 17:22:08.810164', 0),
	(27, 'TbtxXSuwnf', '2022-10-01 23:04:32.914023', 0),
	(28, 'otIcjETWuU', '2022-10-01 23:05:04.403719', 0),
	(29, 'ELTrErzYAp', '2022-10-01 23:45:58.969132', 0),
	(30, 'WRujfLTBoD', '2022-10-02 17:55:43.993422', 0),
	(31, 'yriCmFPLai', '2022-10-02 20:33:03.539381', 0),
	(32, 'KrsHUfeIvt', '2022-10-02 20:38:01.848036', 0),
	(33, 'hzoLUYDhSe', '2022-10-04 05:20:55.567437', 0),
	(34, 'byafcPxrSs', '2022-10-04 15:13:22.060810', 0),
	(35, 'rRjMvYSOBj', '2022-10-04 16:32:09.291675', 0),
	(36, 'lSqWfRfJgT', '2022-10-04 16:33:20.528498', 0),
	(37, 'aIavzePTTM', '2022-10-04 17:05:26.104259', 0),
	(38, 'ueEACgkRPz', '2022-10-04 17:10:16.937607', 0),
	(39, 'IBNQUcCLQL', '2022-10-04 23:32:52.640700', 0),
	(40, 'zjnksOfmKF', '2022-10-04 23:34:13.360169', 0),
	(41, 'djNjtLGQDg', '2022-10-04 23:35:24.090450', 0),
	(42, 'OwjmJCIAvQ', '2022-10-04 23:37:32.504906', 0),
	(43, 'GSWSWLuNru', '2022-10-04 23:38:51.169580', 0),
	(44, 'lLrfcvqinO', '2022-10-05 13:36:30.799951', 0),
	(45, 'FYgOVzhoGz', '2022-10-05 15:11:25.336736', 0),
	(46, 'TklTtiqmmY', '2022-10-05 15:11:47.915746', 0),
	(47, 'blHkBNwEqJ', '2022-10-05 15:19:46.537568', 0),
	(48, 'nSIcIXlxHt', '2022-10-05 15:29:47.979413', 0),
	(49, 'rhCDTxwZot', '2022-10-05 15:31:08.285159', 0),
	(50, 'EDdTqFLpDJ', '2022-10-05 15:37:05.556863', 0),
	(51, 'XaOVcDQuKn', '2022-10-05 15:39:57.534522', 0),
	(52, 'YVjrPiZMhM', '2022-10-05 15:42:22.415522', 0),
	(53, 'GnKDekxnRl', '2022-10-05 15:43:03.952144', 0),
	(54, 'ivJKIUxyno', '2022-10-05 15:43:43.811265', 0),
	(55, 'sqKUKTbeMg', '2022-10-05 15:44:42.535778', 0),
	(56, 'vYbrVBZkZp', '2022-10-05 15:46:19.840269', 0),
	(57, 'niFKrdsmqt', '2022-10-05 15:47:08.153610', 0),
	(58, 'ZyQIgiymuB', '2022-10-05 15:50:53.426380', 0),
	(59, 'IVkPdCqPvp', '2022-10-05 16:23:07.445289', 0),
	(60, 'ffOvvpNtTB', '2022-10-05 16:23:49.063933', 0),
	(61, 'qoqUkJdxik', '2022-10-05 16:24:17.043034', 0),
	(62, 'OikeBObLOC', '2022-10-05 16:26:02.390431', 0),
	(63, 'EgGvPzxyIV', '2022-10-05 16:27:30.834379', 0),
	(64, 'ppYpwPHGsz', '2022-10-05 16:32:31.224283', 0),
	(65, 'zoKICEqfSA', '2022-10-05 17:45:33.006451', 0),
	(66, 'ydCwCHDUHS', '2022-10-05 17:47:59.332425', 0),
	(67, 'PCJmNENkvA', '2022-10-06 00:44:26.430441', 0),
	(68, 'wxlqkeqjEL', '2022-10-06 01:35:37.083319', 0),
	(69, 'JQeWwlzcnZ', '2022-10-06 01:48:39.622486', 0),
	(70, 'IjcPuPZLqP', '2022-10-06 04:27:42.376243', 0),
	(71, 'WMdyxZDxUc', '2022-10-06 14:07:54.786768', 0),
	(72, 'rylTvxWnpT', '2022-10-06 15:02:49.868425', 0),
	(73, 'YfztjMQtgp', '2022-10-06 15:26:49.635367', 0),
	(74, 'dGtdgNqwTz', '2022-10-06 15:30:11.508778', 0),
	(75, 'GQLawSatzm', '2022-10-06 17:24:39.733780', 0);
/*!40000 ALTER TABLE `accounts_emailcheck` ENABLE KEYS */;

-- 테이블 s07p23b307.accounts_user 구조 내보내기
CREATE TABLE IF NOT EXISTS `accounts_user` (
  `id` bigint(20) NOT NULL AUTO_INCREMENT,
  `password` varchar(128) COLLATE utf8mb4_bin NOT NULL,
  `last_login` datetime(6) DEFAULT NULL,
  `is_superuser` tinyint(1) NOT NULL,
  `userEmail` varchar(254) COLLATE utf8mb4_bin NOT NULL,
  `userName` varchar(25) COLLATE utf8mb4_bin NOT NULL,
  `userNickName` varchar(25) COLLATE utf8mb4_bin NOT NULL,
  `profileUrl` varchar(255) COLLATE utf8mb4_bin NOT NULL,
  `userBirth` date NOT NULL,
  `userPhone` varchar(12) COLLATE utf8mb4_bin NOT NULL,
  `userGender` varchar(2) COLLATE utf8mb4_bin DEFAULT NULL,
  `userUpdate` datetime(6) NOT NULL,
  `userRegist` datetime(6) NOT NULL,
  `userRadius` int(11) NOT NULL,
  `is_active` tinyint(1) NOT NULL,
  `is_staff` tinyint(1) NOT NULL,
  PRIMARY KEY (`id`),
  UNIQUE KEY `userEmail` (`userEmail`),
  UNIQUE KEY `userNickName` (`userNickName`)
) ENGINE=InnoDB AUTO_INCREMENT=35 DEFAULT CHARSET=utf8mb4 COLLATE=utf8mb4_bin;

-- 테이블 데이터 s07p23b307.accounts_user:~29 rows (대략적) 내보내기
/*!40000 ALTER TABLE `accounts_user` DISABLE KEYS */;
INSERT INTO `accounts_user` (`id`, `password`, `last_login`, `is_superuser`, `userEmail`, `userName`, `userNickName`, `profileUrl`, `userBirth`, `userPhone`, `userGender`, `userUpdate`, `userRegist`, `userRadius`, `is_active`, `is_staff`) VALUES
	(1, 'pbkdf2_sha256$390000$NIhYfYYGK5p18WLxileP1W$+s0q+etKXqZeX1M+b1oYbcNBkSJuQsKBBWLdD4IOj8s=', NULL, 0, 'mingyu1218@naver.com', '조민규', '고구마치즈불닭', '1', '1996-12-18', '01052857313', 'M', '2022-10-06 14:46:32.818528', '2022-09-29 09:56:34.078549', 0, 1, 0),
	(2, 'pbkdf2_sha256$390000$3eW9nEd19Jpsc3sWLP0wUx$C/QZCYftillUQkLMqNeCKE//4IPSYDrAkGDEnguysgs=', NULL, 0, 'tjdtn6725@naver.com', '김성수', '성게', '', '1990-01-01', '01048475806', 'M', '2022-09-29 09:56:59.980605', '2022-09-29 09:56:59.980605', 500, 1, 0),
	(4, 'pbkdf2_sha256$390000$bG2yezmwLbsLQqf9YkM3jG$4PkFoHNzzvU7NUHDnQMtDMt/cKIThJ9kOQlMj+0EUBg=', NULL, 0, 'ghj6282@hanmail.net', '김형주', '댓글알바', '1', '1994-11-07', '01040366280', 'M', '2022-09-29 11:08:49.400379', '2022-09-29 11:08:49.400379', 0, 1, 0),
	(5, 'pbkdf2_sha256$390000$3P6RId89VRTQWPhHZnpaKF$4Pdq9gSKChvKjBffce0Lijc0gDUFaOhJQwqg5IYH3PM=', NULL, 0, 't01@naver.com', '테스트트', '테1', '', '2012-01-01', '01012341234', 'M', '2022-09-30 09:53:39.433731', '2022-09-30 09:53:39.433731', 500, 1, 0),
	(6, 'pbkdf2_sha256$390000$SxO3XyZ9FC1MNUBv0JhdOu$n6RkD4S7eKwqkF9bi5qNU6vRcjZWAk11nrE1L1cSicI=', NULL, 0, 'ads@naver.com', '김진행', '김진행', '', '1993-01-01', '01080203628', 'M', '2022-09-30 14:10:59.753753', '2022-09-30 14:10:59.753753', 500, 1, 0),
	(7, 'pbkdf2_sha256$390000$wQdzeUNj4hUCLhoWJlOej2$wo3DBiHPoAcnMi/kR6ADiu6mWF/tkp56g3qxJU9YHl8=', NULL, 0, 't02@naver.com', '박싸피', 'ㅈㅈㅈㅈ', '', '1988-12-31', '1234123411', 'M', '2022-09-30 22:12:17.942353', '2022-09-30 22:12:17.942353', 500, 1, 0),
	(8, 'pbkdf2_sha256$390000$VgX6nSu55ts2Plc88V2VSr$nib2LGVYiR6EFBygxFtGo8LFpEmFu8KAbbRoVoJ5g+Y=', NULL, 0, 'win9612@hanmail.net', '박싸피', 'ㅈㅈㅈㅈdf', '', '1990-01-01', '01012341234', 'M', '2022-10-01 00:21:40.589888', '2022-10-01 00:21:40.589888', 500, 1, 0),
	(9, 'pbkdf2_sha256$390000$I6atgRml4r7zgBCHF2H0Bm$UUkt7djlXYDTBis85yAfMa3elgY9/VP2UelMTrrco2U=', NULL, 0, 'wfwdf@naver.com', 'dfwfwffqf', 'awegfwqefwqefw', '', '1988-01-01', '01012341234', 'F', '2022-10-01 01:10:00.526146', '2022-10-01 01:10:00.526146', 500, 1, 0),
	(11, 'pbkdf2_sha256$390000$r3G3nnwJh410bFNfIOXWeX$+acOZYJM6MlIAx0w8Sct6O6tyB/ZCByQHyZW1U9ipTw=', NULL, 0, 'babygen0@naver.com', '김수환', '공산주의', '', '1996-07-24', '01066362413', 'M', '2022-10-02 20:34:13.182599', '2022-10-02 20:34:13.182625', 500, 1, 0),
	(14, 'pbkdf2_sha256$390000$nBCRsKe44KDXsRa9rlvdyn$LOHz3H0qVHL8cIQKJ+xc/X8XWEsY2UMmMVh14AC5pGk=', NULL, 0, 'hanghangjin1@naver.com', 'hanghang1234', 'hag', '', '2012-04-05', '01037007000', 'F', '2022-10-03 16:16:26.469177', '2022-10-03 16:16:26.469202', 500, 1, 0),
	(15, 'pbkdf2_sha256$390000$VDPZw1KySk45bDP1bDuenY$3CmtL00o7ZRLFDwKTbPYd02MgReNmqaGjEi26wspr2w=', NULL, 0, 'alexryu1105@naver.com', '유일권', '응어롱', '', '1997-11-05', '01046401561', 'M', '2022-10-04 05:22:57.124518', '2022-10-04 05:22:57.124543', 500, 1, 0),
	(16, 'pbkdf2_sha256$390000$hNEIwkokJ3ax90QAJ0e1wg$562M2SnRlhaXoj7QGqSXa95VEMNSlOyJ7F7BDxftLdQ=', NULL, 0, 'gsh03055@naver.com', 'test', 'test', '9', '1930-09-01', '01040493338', 'F', '2022-10-05 15:31:40.096479', '2022-10-05 15:31:40.096507', 0, 1, 0),
	(17, 'pbkdf2_sha256$390000$0TnrR3CbrbzoNHCaMIAcOs$dyaKrb41t9M65sLCnoCqXSQbxlsS+6ZNfbktN7Vf1XQ=', NULL, 0, 'wolfmob@naver.com', 'asdfasdf', 'ㅇㅇㅇㅁㄴㅇㄹ', '', '2010-01-01', '01012341234', 'M', '2022-10-05 15:36:10.127004', '2022-10-05 15:36:10.127004', 500, 1, 0),
	(18, 'pbkdf2_sha256$390000$uI0ym1c6Qhdv85tz50R5OQ$0gERjObOWD3etwUmmDILYY4zad6FhwJJOhP2hGFUXo8=', NULL, 0, 't04@naver.com', 'asdfasdfasdf', 'wefawefawfe', '', '2010-01-01', '01012341234', 'M', '2022-10-05 15:37:43.701598', '2022-10-05 15:37:43.701598', 500, 1, 0),
	(19, 'pbkdf2_sha256$390000$9qSjbZ7cGk3U2D69PAJgr3$YwrshuObUlXhJ0X8+lqdETblwbQVYfS1bKSuo+vk8q8=', NULL, 0, 't05@naver.com', 'ㅁㅈㄹㅈㅂㄷㅁㄹ', 'ㅁㅈㄷㄹㅈㅁㄷㄹㅈㅁㄷㄹ', '', '2005-01-01', '01012341234', 'M', '2022-10-05 15:40:18.291747', '2022-10-05 15:40:18.291747', 500, 1, 0),
	(20, 'pbkdf2_sha256$390000$Ww6laIhlZW0QNnRC1D6Sj9$NgolfKTGcEOFtxU9hMVZ2JscaZD1UZg6z8ssJfTanto=', NULL, 0, 't06@naver.com', 'ㅈㅂㄼㄻㄴ', 'ㅂㅈㄼㅈㄹ', '', '2011-01-01', '01012341234', 'M', '2022-10-05 15:42:41.582551', '2022-10-05 15:42:41.582551', 500, 1, 0),
	(21, 'pbkdf2_sha256$390000$xEclxryezrP9fh823dsHLd$np0/5GbVewTYAw8zqko52tXRXa9d+O1BrJdIQgZBVF4=', NULL, 0, 't07@naver.com', '조민규', 'asdfawsfawef', '', '2007-01-01', '01012341234', 'M', '2022-10-05 15:43:22.457955', '2022-10-05 15:43:22.457955', 500, 1, 0),
	(22, 'pbkdf2_sha256$390000$soaYH9Yt7iDnYV3Q5qy0Xk$Nuq3RLjpcG0uSJA0/NLYOgzFxGpM4cBQuZWufDBpWig=', NULL, 0, 't08@naver.com', '조민규', 'awfwae', '', '2010-01-01', '01012341234', 'M', '2022-10-05 15:44:04.348348', '2022-10-05 15:44:04.348348', 500, 1, 0),
	(23, 'pbkdf2_sha256$390000$xuzRuAPqYp9y4v4ddH3WPK$vjsW6kyYuNjvBfftxKkym1D34ILY/+VoAlVs0AHuYVY=', NULL, 0, 't09@naver.com', 'qwefwqaf', 'qfwqf', '', '2004-01-01', '01012341234', 'M', '2022-10-05 15:45:07.444827', '2022-10-05 15:45:07.444827', 500, 1, 0),
	(24, 'pbkdf2_sha256$390000$368yxklW8f3Mp5yT3UN93e$EvOzq2Rum0PXNaeaBse/NyCeR8krTwv+w+w3RgOsTU0=', NULL, 0, 't10@naver.com', '테스트계정', '싸피테스트', '1', '1995-05-17', '01012341234', 'M', '2022-10-05 15:46:42.045713', '2022-10-05 15:46:42.045713', 0, 1, 0),
	(25, 'pbkdf2_sha256$390000$JzocturIc4bEI2VanNgWWd$a3ziqeD/wLUc0I9iuISUrU/So2fVS8S89nEHyrWOdiI=', NULL, 0, 't12@naver.com', 'qwefqwfqwef', 'asdfqwefqwfq', '', '1993-01-01', '01012341234', 'M', '2022-10-05 15:51:11.614700', '2022-10-05 15:51:11.614700', 500, 1, 0),
	(26, 'pbkdf2_sha256$390000$EYGiKUyXrcgcgRKoQ5ZuOm$ioeZu7YsmO0XX0pVhclKzy4dSt5j0ynDqY4esyi/oBM=', NULL, 0, 't13@naver.com', 'ㅁㄻㄴㄹㅈㅁㄷㄹ', 'ㅁㅈㄷㄼㅈㄼㅈㄷㄹ', '', '2007-01-01', '01012341234', 'M', '2022-10-05 16:26:30.215021', '2022-10-05 16:26:30.215021', 500, 1, 0),
	(27, 'pbkdf2_sha256$390000$QQUSWyA6c4UQjQSyyxXKkv$BLXzTyiSP0bcQWNjnZe7NWY7AEmiHGX6uEuf3AziHdU=', NULL, 0, 't14@naver.com', 'awefwqe', 'qwefqwefqwefqew', '', '2003-01-01', '01012341234', 'M', '2022-10-05 16:27:53.184487', '2022-10-05 16:27:53.184487', 500, 1, 0),
	(28, 'pbkdf2_sha256$390000$VTRoYqFEIdjZHqckX4dMmo$V9mKsBHJg0IhszWL6HmEG+EdQV1XTQHDT9FE3PFOaL4=', NULL, 0, 't15@naver.com', '테스스트', '테스스트트트', '', '2010-01-01', '01012341234', 'F', '2022-10-05 17:45:57.281652', '2022-10-05 17:45:57.281652', 500, 1, 0),
	(29, 'pbkdf2_sha256$390000$lo1AKv3YBXkoQrGJTua6Ye$/gaNsdrQdBhKcJZ2AvgU5JEJfPBGxkxBm/RPh1NoHc0=', NULL, 0, 't16@naver.com', '테트리스트', '테트리스트', '', '1940-01-01', '01012341234', 'M', '2022-10-05 17:48:25.036161', '2022-10-05 17:48:25.036161', 500, 1, 0),
	(31, 'pbkdf2_sha256$390000$Q7BWPzddotFeNqrmhSSoVL$bC6ns+oEGLkd7ikWIIlhNMuhpPZq+viseg/tASjMnjM=', NULL, 0, 'wolfmob9618@gmail.com', '조민규', '고구마고', '', '1996-12-18', '01012341234', 'M', '2022-10-06 14:10:58.871990', '2022-10-06 14:10:58.872018', 500, 1, 0),
	(32, 'pbkdf2_sha256$390000$gC0mknD4Orde2AZn1O09dz$xqNKVoCPNB7drJvDh+o3LwcoyYRFKkqNM5ARGvWAm8Y=', NULL, 0, 'tjsgnrla97@gmail.com', '김선후', '김선후짜조', '1', '1997-01-27', '01097018888', 'M', '2022-10-06 15:03:41.924457', '2022-10-06 15:03:41.924485', 0, 1, 0),
	(33, 'pbkdf2_sha256$390000$IAd9Cb34YDSAziJng3ugmt$GbfdcrwgRpCRFje+1dbAaICj5S62/ZyE1EuVMJh0Jfk=', NULL, 0, 'sbpark110542@naver.com', '박성배', '엄마난커서짜조맨이될래요', '', '1995-11-05', '01020649961', 'M', '2022-10-06 15:28:03.267292', '2022-10-06 15:28:03.267320', 500, 1, 0),
	(34, 'pbkdf2_sha256$390000$ZXgY6o0TNKlbGAPNChsdMC$3P0p7ikJeD+YDbdEBW+/GLPG92qlX5pRrAuyJu77RYk=', NULL, 0, 'hanghangjin@naver.com', '이진행', '김지냉', '', '2009-09-12', '01044445555', 'M', '2022-10-06 15:30:53.318366', '2022-10-06 15:30:53.318410', 500, 1, 0);
/*!40000 ALTER TABLE `accounts_user` ENABLE KEYS */;

-- 테이블 s07p23b307.accounts_user_groups 구조 내보내기
CREATE TABLE IF NOT EXISTS `accounts_user_groups` (
  `id` bigint(20) NOT NULL AUTO_INCREMENT,
  `user_id` bigint(20) NOT NULL,
  `group_id` int(11) NOT NULL,
  PRIMARY KEY (`id`),
  UNIQUE KEY `accounts_user_groups_user_id_group_id_59c0b32f_uniq` (`user_id`,`group_id`),
  KEY `accounts_user_groups_group_id_bd11a704_fk_auth_group_id` (`group_id`),
  CONSTRAINT `accounts_user_groups_group_id_bd11a704_fk_auth_group_id` FOREIGN KEY (`group_id`) REFERENCES `auth_group` (`id`),
  CONSTRAINT `accounts_user_groups_user_id_52b62117_fk_accounts_user_id` FOREIGN KEY (`user_id`) REFERENCES `accounts_user` (`id`)
) ENGINE=InnoDB DEFAULT CHARSET=utf8mb4 COLLATE=utf8mb4_bin;

-- 테이블 데이터 s07p23b307.accounts_user_groups:~0 rows (대략적) 내보내기
/*!40000 ALTER TABLE `accounts_user_groups` DISABLE KEYS */;
/*!40000 ALTER TABLE `accounts_user_groups` ENABLE KEYS */;

-- 테이블 s07p23b307.accounts_user_user_permissions 구조 내보내기
CREATE TABLE IF NOT EXISTS `accounts_user_user_permissions` (
  `id` bigint(20) NOT NULL AUTO_INCREMENT,
  `user_id` bigint(20) NOT NULL,
  `permission_id` int(11) NOT NULL,
  PRIMARY KEY (`id`),
  UNIQUE KEY `accounts_user_user_permi_user_id_permission_id_2ab516c2_uniq` (`user_id`,`permission_id`),
  KEY `accounts_user_user_p_permission_id_113bb443_fk_auth_perm` (`permission_id`),
  CONSTRAINT `accounts_user_user_p_permission_id_113bb443_fk_auth_perm` FOREIGN KEY (`permission_id`) REFERENCES `auth_permission` (`id`),
  CONSTRAINT `accounts_user_user_p_user_id_e4f0a161_fk_accounts_` FOREIGN KEY (`user_id`) REFERENCES `accounts_user` (`id`)
) ENGINE=InnoDB DEFAULT CHARSET=utf8mb4 COLLATE=utf8mb4_bin;

-- 테이블 데이터 s07p23b307.accounts_user_user_permissions:~0 rows (대략적) 내보내기
/*!40000 ALTER TABLE `accounts_user_user_permissions` DISABLE KEYS */;
/*!40000 ALTER TABLE `accounts_user_user_permissions` ENABLE KEYS */;

-- 테이블 s07p23b307.auth_group 구조 내보내기
CREATE TABLE IF NOT EXISTS `auth_group` (
  `id` int(11) NOT NULL AUTO_INCREMENT,
  `name` varchar(150) COLLATE utf8mb4_bin NOT NULL,
  PRIMARY KEY (`id`),
  UNIQUE KEY `name` (`name`)
) ENGINE=InnoDB DEFAULT CHARSET=utf8mb4 COLLATE=utf8mb4_bin;

-- 테이블 데이터 s07p23b307.auth_group:~0 rows (대략적) 내보내기
/*!40000 ALTER TABLE `auth_group` DISABLE KEYS */;
/*!40000 ALTER TABLE `auth_group` ENABLE KEYS */;

-- 테이블 s07p23b307.auth_group_permissions 구조 내보내기
CREATE TABLE IF NOT EXISTS `auth_group_permissions` (
  `id` bigint(20) NOT NULL AUTO_INCREMENT,
  `group_id` int(11) NOT NULL,
  `permission_id` int(11) NOT NULL,
  PRIMARY KEY (`id`),
  UNIQUE KEY `auth_group_permissions_group_id_permission_id_0cd325b0_uniq` (`group_id`,`permission_id`),
  KEY `auth_group_permissio_permission_id_84c5c92e_fk_auth_perm` (`permission_id`),
  CONSTRAINT `auth_group_permissio_permission_id_84c5c92e_fk_auth_perm` FOREIGN KEY (`permission_id`) REFERENCES `auth_permission` (`id`),
  CONSTRAINT `auth_group_permissions_group_id_b120cbf9_fk_auth_group_id` FOREIGN KEY (`group_id`) REFERENCES `auth_group` (`id`)
) ENGINE=InnoDB DEFAULT CHARSET=utf8mb4 COLLATE=utf8mb4_bin;

-- 테이블 데이터 s07p23b307.auth_group_permissions:~0 rows (대략적) 내보내기
/*!40000 ALTER TABLE `auth_group_permissions` DISABLE KEYS */;
/*!40000 ALTER TABLE `auth_group_permissions` ENABLE KEYS */;

-- 테이블 s07p23b307.auth_permission 구조 내보내기
CREATE TABLE IF NOT EXISTS `auth_permission` (
  `id` int(11) NOT NULL AUTO_INCREMENT,
  `name` varchar(255) COLLATE utf8mb4_bin NOT NULL,
  `content_type_id` int(11) NOT NULL,
  `codename` varchar(100) COLLATE utf8mb4_bin NOT NULL,
  PRIMARY KEY (`id`),
  UNIQUE KEY `auth_permission_content_type_id_codename_01ab375a_uniq` (`content_type_id`,`codename`),
  CONSTRAINT `auth_permission_content_type_id_2f476e4b_fk_django_co` FOREIGN KEY (`content_type_id`) REFERENCES `django_content_type` (`id`)
) ENGINE=InnoDB AUTO_INCREMENT=57 DEFAULT CHARSET=utf8mb4 COLLATE=utf8mb4_bin;

-- 테이블 데이터 s07p23b307.auth_permission:~56 rows (대략적) 내보내기
/*!40000 ALTER TABLE `auth_permission` DISABLE KEYS */;
INSERT INTO `auth_permission` (`id`, `name`, `content_type_id`, `codename`) VALUES
	(1, 'Can add user', 1, 'add_user'),
	(2, 'Can change user', 1, 'change_user'),
	(3, 'Can delete user', 1, 'delete_user'),
	(4, 'Can view user', 1, 'view_user'),
	(5, 'Can add email check', 2, 'add_emailcheck'),
	(6, 'Can change email check', 2, 'change_emailcheck'),
	(7, 'Can delete email check', 2, 'delete_emailcheck'),
	(8, 'Can view email check', 2, 'view_emailcheck'),
	(9, 'Can add category', 3, 'add_category'),
	(10, 'Can change category', 3, 'change_category'),
	(11, 'Can delete category', 3, 'delete_category'),
	(12, 'Can view category', 3, 'view_category'),
	(13, 'Can add place', 4, 'add_place'),
	(14, 'Can change place', 4, 'change_place'),
	(15, 'Can delete place', 4, 'delete_place'),
	(16, 'Can view place', 4, 'view_place'),
	(17, 'Can add card', 5, 'add_card'),
	(18, 'Can change card', 5, 'change_card'),
	(19, 'Can delete card', 5, 'delete_card'),
	(20, 'Can view card', 5, 'view_card'),
	(21, 'Can add review', 6, 'add_review'),
	(22, 'Can change review', 6, 'change_review'),
	(23, 'Can delete review', 6, 'delete_review'),
	(24, 'Can view review', 6, 'view_review'),
	(25, 'Can add blacklisted token', 7, 'add_blacklistedtoken'),
	(26, 'Can change blacklisted token', 7, 'change_blacklistedtoken'),
	(27, 'Can delete blacklisted token', 7, 'delete_blacklistedtoken'),
	(28, 'Can view blacklisted token', 7, 'view_blacklistedtoken'),
	(29, 'Can add outstanding token', 8, 'add_outstandingtoken'),
	(30, 'Can change outstanding token', 8, 'change_outstandingtoken'),
	(31, 'Can delete outstanding token', 8, 'delete_outstandingtoken'),
	(32, 'Can view outstanding token', 8, 'view_outstandingtoken'),
	(33, 'Can add log entry', 9, 'add_logentry'),
	(34, 'Can change log entry', 9, 'change_logentry'),
	(35, 'Can delete log entry', 9, 'delete_logentry'),
	(36, 'Can view log entry', 9, 'view_logentry'),
	(37, 'Can add permission', 10, 'add_permission'),
	(38, 'Can change permission', 10, 'change_permission'),
	(39, 'Can delete permission', 10, 'delete_permission'),
	(40, 'Can view permission', 10, 'view_permission'),
	(41, 'Can add group', 11, 'add_group'),
	(42, 'Can change group', 11, 'change_group'),
	(43, 'Can delete group', 11, 'delete_group'),
	(44, 'Can view group', 11, 'view_group'),
	(45, 'Can add content type', 12, 'add_contenttype'),
	(46, 'Can change content type', 12, 'change_contenttype'),
	(47, 'Can delete content type', 12, 'delete_contenttype'),
	(48, 'Can view content type', 12, 'view_contenttype'),
	(49, 'Can add session', 13, 'add_session'),
	(50, 'Can change session', 13, 'change_session'),
	(51, 'Can delete session', 13, 'delete_session'),
	(52, 'Can view session', 13, 'view_session'),
	(53, 'Can add site', 14, 'add_site'),
	(54, 'Can change site', 14, 'change_site'),
	(55, 'Can delete site', 14, 'delete_site'),
	(56, 'Can view site', 14, 'view_site');
/*!40000 ALTER TABLE `auth_permission` ENABLE KEYS */;

-- 테이블 s07p23b307.django_admin_log 구조 내보내기
CREATE TABLE IF NOT EXISTS `django_admin_log` (
  `id` int(11) NOT NULL AUTO_INCREMENT,
  `action_time` datetime(6) NOT NULL,
  `object_id` longtext COLLATE utf8mb4_bin DEFAULT NULL,
  `object_repr` varchar(200) COLLATE utf8mb4_bin NOT NULL,
  `action_flag` smallint(5) unsigned NOT NULL CHECK (`action_flag` >= 0),
  `change_message` longtext COLLATE utf8mb4_bin NOT NULL,
  `content_type_id` int(11) DEFAULT NULL,
  `user_id` bigint(20) NOT NULL,
  PRIMARY KEY (`id`),
  KEY `django_admin_log_content_type_id_c4bce8eb_fk_django_co` (`content_type_id`),
  KEY `django_admin_log_user_id_c564eba6_fk_accounts_user_id` (`user_id`),
  CONSTRAINT `django_admin_log_content_type_id_c4bce8eb_fk_django_co` FOREIGN KEY (`content_type_id`) REFERENCES `django_content_type` (`id`),
  CONSTRAINT `django_admin_log_user_id_c564eba6_fk_accounts_user_id` FOREIGN KEY (`user_id`) REFERENCES `accounts_user` (`id`)
) ENGINE=InnoDB DEFAULT CHARSET=utf8mb4 COLLATE=utf8mb4_bin;

-- 테이블 데이터 s07p23b307.django_admin_log:~0 rows (대략적) 내보내기
/*!40000 ALTER TABLE `django_admin_log` DISABLE KEYS */;
/*!40000 ALTER TABLE `django_admin_log` ENABLE KEYS */;

-- 테이블 s07p23b307.django_content_type 구조 내보내기
CREATE TABLE IF NOT EXISTS `django_content_type` (
  `id` int(11) NOT NULL AUTO_INCREMENT,
  `app_label` varchar(100) COLLATE utf8mb4_bin NOT NULL,
  `model` varchar(100) COLLATE utf8mb4_bin NOT NULL,
  PRIMARY KEY (`id`),
  UNIQUE KEY `django_content_type_app_label_model_76bd3d3b_uniq` (`app_label`,`model`)
) ENGINE=InnoDB AUTO_INCREMENT=15 DEFAULT CHARSET=utf8mb4 COLLATE=utf8mb4_bin;

-- 테이블 데이터 s07p23b307.django_content_type:~14 rows (대략적) 내보내기
/*!40000 ALTER TABLE `django_content_type` DISABLE KEYS */;
INSERT INTO `django_content_type` (`id`, `app_label`, `model`) VALUES
	(3, 'accounts', 'category'),
	(2, 'accounts', 'emailcheck'),
	(1, 'accounts', 'user'),
	(9, 'admin', 'logentry'),
	(11, 'auth', 'group'),
	(10, 'auth', 'permission'),
	(12, 'contenttypes', 'contenttype'),
	(4, 'place', 'place'),
	(5, 'plan', 'card'),
	(6, 'review', 'review'),
	(13, 'sessions', 'session'),
	(14, 'sites', 'site'),
	(7, 'token_blacklist', 'blacklistedtoken'),
	(8, 'token_blacklist', 'outstandingtoken');
/*!40000 ALTER TABLE `django_content_type` ENABLE KEYS */;

-- 테이블 s07p23b307.django_migrations 구조 내보내기
CREATE TABLE IF NOT EXISTS `django_migrations` (
  `id` bigint(20) NOT NULL AUTO_INCREMENT,
  `app` varchar(255) COLLATE utf8mb4_bin NOT NULL,
  `name` varchar(255) COLLATE utf8mb4_bin NOT NULL,
  `applied` datetime(6) NOT NULL,
  PRIMARY KEY (`id`)
) ENGINE=InnoDB AUTO_INCREMENT=39 DEFAULT CHARSET=utf8mb4 COLLATE=utf8mb4_bin;

-- 테이블 데이터 s07p23b307.django_migrations:~37 rows (대략적) 내보내기
/*!40000 ALTER TABLE `django_migrations` DISABLE KEYS */;
INSERT INTO `django_migrations` (`id`, `app`, `name`, `applied`) VALUES
	(1, 'contenttypes', '0001_initial', '2022-09-29 09:55:22.863785'),
	(2, 'contenttypes', '0002_remove_content_type_name', '2022-09-29 09:55:23.025227'),
	(3, 'auth', '0001_initial', '2022-09-29 09:55:23.480133'),
	(4, 'auth', '0002_alter_permission_name_max_length', '2022-09-29 09:55:23.658677'),
	(5, 'auth', '0003_alter_user_email_max_length', '2022-09-29 09:55:23.702195'),
	(6, 'auth', '0004_alter_user_username_opts', '2022-09-29 09:55:23.735020'),
	(7, 'auth', '0005_alter_user_last_login_null', '2022-09-29 09:55:23.771069'),
	(8, 'auth', '0006_require_contenttypes_0002', '2022-09-29 09:55:23.801133'),
	(9, 'auth', '0007_alter_validators_add_error_messages', '2022-09-29 09:55:23.834218'),
	(10, 'auth', '0008_alter_user_username_max_length', '2022-09-29 09:55:23.871254'),
	(11, 'auth', '0009_alter_user_last_name_max_length', '2022-09-29 09:55:23.904345'),
	(12, 'auth', '0010_alter_group_name_max_length', '2022-09-29 09:55:23.968523'),
	(13, 'auth', '0011_update_proxy_permissions', '2022-09-29 09:55:24.038395'),
	(14, 'auth', '0012_alter_user_first_name_max_length', '2022-09-29 09:55:24.070242'),
	(15, 'accounts', '0001_initial', '2022-09-29 09:55:24.736916'),
	(16, 'admin', '0001_initial', '2022-09-29 09:55:24.980407'),
	(17, 'admin', '0002_logentry_remove_auto_add', '2022-09-29 09:55:25.025016'),
	(18, 'admin', '0003_logentry_add_action_flag_choices', '2022-09-29 09:55:25.069268'),
	(19, 'place', '0001_initial', '2022-09-29 09:55:25.104568'),
	(21, 'review', '0001_initial', '2022-09-29 09:55:25.496779'),
	(22, 'sessions', '0001_initial', '2022-09-29 09:55:25.620242'),
	(23, 'sites', '0001_initial', '2022-09-29 09:55:25.708011'),
	(24, 'sites', '0002_alter_domain_unique', '2022-09-29 09:55:25.809493'),
	(25, 'token_blacklist', '0001_initial', '2022-09-29 09:55:26.086041'),
	(26, 'token_blacklist', '0002_outstandingtoken_jti_hex', '2022-09-29 09:55:26.177803'),
	(27, 'token_blacklist', '0003_auto_20171017_2007', '2022-09-29 09:55:26.280258'),
	(28, 'token_blacklist', '0004_auto_20171017_2013', '2022-09-29 09:55:26.415050'),
	(29, 'token_blacklist', '0005_remove_outstandingtoken_jti', '2022-09-29 09:55:26.509239'),
	(30, 'token_blacklist', '0006_auto_20171017_2113', '2022-09-29 09:55:26.591457'),
	(31, 'token_blacklist', '0007_auto_20171017_2214', '2022-09-29 09:55:27.244963'),
	(32, 'token_blacklist', '0008_migrate_to_bigautofield', '2022-09-29 09:55:27.919572'),
	(33, 'token_blacklist', '0010_fix_migrate_to_bigautofield', '2022-09-29 09:55:27.968756'),
	(34, 'token_blacklist', '0011_linearizes_history', '2022-09-29 09:55:28.000730'),
	(35, 'token_blacklist', '0012_alter_outstandingtoken_user', '2022-09-29 09:55:28.040730'),
	(36, 'accounts', '0002_alter_user_userradius', '2022-10-01 00:16:14.587672'),
	(37, 'place', '0002_place_placescore_alter_place_latitude_and_more', '2022-10-02 18:26:21.511982'),
	(38, 'place', '0002_place_placeurl', '2022-10-03 20:55:27.246406');
/*!40000 ALTER TABLE `django_migrations` ENABLE KEYS */;

-- 테이블 s07p23b307.django_session 구조 내보내기
CREATE TABLE IF NOT EXISTS `django_session` (
  `session_key` varchar(40) COLLATE utf8mb4_bin NOT NULL,
  `session_data` longtext COLLATE utf8mb4_bin NOT NULL,
  `expire_date` datetime(6) NOT NULL,
  PRIMARY KEY (`session_key`),
  KEY `django_session_expire_date_a5c62663` (`expire_date`)
) ENGINE=InnoDB DEFAULT CHARSET=utf8mb4 COLLATE=utf8mb4_bin;

-- 테이블 데이터 s07p23b307.django_session:~0 rows (대략적) 내보내기
/*!40000 ALTER TABLE `django_session` DISABLE KEYS */;
/*!40000 ALTER TABLE `django_session` ENABLE KEYS */;

-- 테이블 s07p23b307.django_site 구조 내보내기
CREATE TABLE IF NOT EXISTS `django_site` (
  `id` int(11) NOT NULL AUTO_INCREMENT,
  `domain` varchar(100) COLLATE utf8mb4_bin NOT NULL,
  `name` varchar(50) COLLATE utf8mb4_bin NOT NULL,
  PRIMARY KEY (`id`),
  UNIQUE KEY `django_site_domain_a2e37b91_uniq` (`domain`)
) ENGINE=InnoDB AUTO_INCREMENT=2 DEFAULT CHARSET=utf8mb4 COLLATE=utf8mb4_bin;

-- 테이블 데이터 s07p23b307.django_site:~1 rows (대략적) 내보내기
/*!40000 ALTER TABLE `django_site` DISABLE KEYS */;
INSERT INTO `django_site` (`id`, `domain`, `name`) VALUES
	(1, 'example.com', 'example.com');
/*!40000 ALTER TABLE `django_site` ENABLE KEYS */;

-- 테이블 s07p23b307.plan_card 구조 내보내기
CREATE TABLE IF NOT EXISTS `plan_card` (
  `id` bigint(20) NOT NULL AUTO_INCREMENT,
  `title` varchar(100) COLLATE utf8mb4_bin NOT NULL,
  `regist` datetime(6) NOT NULL,
  `update` datetime(6) NOT NULL,
  `date` varchar(10) COLLATE utf8mb4_bin NOT NULL,
  `appointed_time` varchar(10) COLLATE utf8mb4_bin NOT NULL,
  `place_id` int(11) DEFAULT NULL,
  `place_type` varchar(50) COLLATE utf8mb4_bin DEFAULT NULL,
  `address` varchar(150) COLLATE utf8mb4_bin DEFAULT NULL,
  `isMain` tinyint(1) NOT NULL,
  `latitude` double DEFAULT NULL,
  `longitude` double DEFAULT NULL,
  `name` varchar(50) COLLATE utf8mb4_bin DEFAULT NULL,
  `cardId` int(11) DEFAULT NULL,
  `priority` int(11) NOT NULL,
  `user_id` bigint(20) NOT NULL,
  PRIMARY KEY (`id`),
  KEY `plan_card_user_id_90e6bbb9_fk_accounts_user_id` (`user_id`),
  CONSTRAINT `plan_card_user_id_90e6bbb9_fk_accounts_user_id` FOREIGN KEY (`user_id`) REFERENCES `accounts_user` (`id`)
) ENGINE=InnoDB AUTO_INCREMENT=284 DEFAULT CHARSET=utf8mb4 COLLATE=utf8mb4_bin;

-- 테이블 데이터 s07p23b307.plan_card:~156 rows (대략적) 내보내기
/*!40000 ALTER TABLE `plan_card` DISABLE KEYS */;
INSERT INTO `plan_card` (`id`, `title`, `regist`, `update`, `date`, `appointed_time`, `place_id`, `place_type`, `address`, `isMain`, `latitude`, `longitude`, `name`, `cardId`, `priority`, `user_id`) VALUES
	(38, '성배', '2022-09-29 13:07:57.291019', '2022-09-29 13:07:57.291019', '2022-10-14', '15:07', NULL, NULL, '대전 유성구 궁동', 1, 36.3621587791143, 127.350218030314, '궁동로데오거리', 12, 1, 2),
	(39, '성배', '2022-09-29 13:07:57.331025', '2022-09-29 13:07:57.331025', '2022-10-14', '15:07', 6719, '테마카페', '대전 유성구 대학로151번길 26 4층', 0, 36.3618178556047, 127.3503134380965, '마스터키 궁동직영점', 12, 2, 2),
	(40, '성배', '2022-09-29 13:07:57.353022', '2022-09-29 13:07:57.353022', '2022-10-14', '15:07', 6822, '보드카페', '대전 유성구 대학로151번길 8 지하1층', 0, 36.36090052783893, 127.3502903856466, '메카', 12, 3, 2),
	(41, '성배', '2022-09-29 13:07:57.373057', '2022-09-29 13:07:57.373057', '2022-10-14', '15:07', 8525, '노래방', '대전 유성구 대학로151번길 25', 0, 36.361832, 127.3497932, '나이스노래방', 12, 4, 2),
	(42, '데이트', '2022-09-29 13:12:18.790920', '2022-09-29 13:12:18.790920', '2022-09-29', '14:12', NULL, NULL, '대전 유성구 궁동', 1, 36.3621587791143, 127.350218030314, '궁동로데오거리', 13, 1, 2),
	(43, '데이트', '2022-09-29 13:12:18.815990', '2022-09-29 13:12:18.815990', '2022-09-29', '14:12', 156, '곱창,막창', '대전 유성구 어은로57번길 59', 0, 36.362008834795354, 127.35339729151109, '달구지막창 대전유성점', 13, 2, 2),
	(44, '데이트', '2022-09-29 13:12:18.839919', '2022-09-29 13:12:18.839919', '2022-09-29', '14:12', 220, '국밥', '대전 유성구 온천북로 35 1층', 0, 36.3569692516602, 127.347013937887, '72년새마을식당', 13, 3, 2),
	(52, 'test', '2022-09-29 13:44:51.915275', '2022-09-29 13:44:51.915275', '2022-09-29', '18:50', 6970, '테마카페', '대전 유성구 덕명서로2번길 49', 0, 36.3585018694938, 127.303411674391, '카페캘리뿌니야', 15, 4, 7),
	(59, 'test', '2022-09-29 13:54:33.775251', '2022-09-29 13:54:33.775251', '2022-09-29', '18:50', 6970, '테마카페', '대전 유성구 덕명서로2번길 49', 0, 36.3585018694938, 127.303411674391, '카페캘리뿌니야', 17, 3, 7),
	(95, 'rwdqrfqwfq', '2022-09-30 01:18:26.877152', '2022-09-30 01:18:26.877152', '2022-09-30', '01:22', 5288, '치킨', '대전 유성구 학하서로121번길 31-3', 0, 36.3487861008275, 127.29955512818, '쇼랜드치킨 대전한밭대점', 26, 1, 1),
	(96, 'rwdqrfqwfq', '2022-09-30 01:18:26.911153', '2022-09-30 01:18:26.911153', '2022-09-30', '01:22', NULL, NULL, '대전 유성구 덕명동 598', 1, 36.3489824715316, 127.29886964514188, '지정위치', 26, 2, 1),
	(97, 'rwdqrfqwfq', '2022-09-30 01:18:26.929157', '2022-09-30 01:18:26.929157', '2022-09-30', '01:22', 5956, '국밥', '대전 유성구 학하서로121번길 122 1층', 0, 36.3488883147563, 127.297599305921, '이화수전통육개장 대전한밭대점', 26, 3, 1),
	(98, '맛있는 약속', '2022-09-30 01:25:03.858420', '2022-09-30 01:25:03.858420', '2022-10-07', '17:28', 6241, '도시락', '대전 유성구 학하서로121번길 39-3 102호', 0, 36.3491002323857, 127.299346895766, '오봉도시락 대전한밭대점', 27, 1, 1),
	(99, '맛있는 약속', '2022-09-30 01:25:03.878421', '2022-09-30 01:25:03.878421', '2022-10-07', '17:28', NULL, NULL, '대전 유성구 덕명동 627', 1, 36.34760956788093, 127.30011207677006, '지정위치', 27, 2, 1),
	(100, '맛있는 약속', '2022-09-30 01:25:03.897420', '2022-09-30 01:25:03.897420', '2022-10-07', '17:28', 1816, '코인노래방', '대전 유성구 학하서로121번길 31-3 1층', 0, 36.34883294, 127.2995642, '한밭코인노래연습장', 27, 3, 1),
	(105, 'woiw', '2022-09-30 10:04:51.562171', '2022-09-30 10:04:51.562171', '2022-10-21', '00:00', NULL, NULL, '대전 유성구 봉명동 653-5', 1, 36.357084257567465, 127.34868007593519, '지정위치', 29, 1, 5),
	(106, 'woiw', '2022-09-30 10:04:51.579199', '2022-09-30 10:04:51.579199', '2022-10-21', '00:00', 4724, '양식', '대전 유성구 대학로 27', 0, 36.3563111524015, 127.341782445713, '초정식당', 29, 2, 5),
	(114, 'ㅋㅋㅋㅋ', '2022-09-30 10:35:10.154670', '2022-09-30 10:35:10.154670', '2022-10-14', '17:37', NULL, NULL, '대전 유성구 지족동 901-5', 1, 36.374304312953484, 127.31851269094106, '지정위치', 32, 1, 1),
	(115, 'ㅋㅋㅋㅋ', '2022-09-30 10:35:10.184666', '2022-09-30 10:35:10.184666', '2022-10-14', '17:37', 4162, '삼겹살', '대전 유성구 은구비서로 21-7', 0, 36.3739150479947, 127.320182663582, '하남돼지집 대전노은점', 32, 2, 1),
	(116, 'ㅋㅋㅋㅋ', '2022-09-30 10:35:10.201666', '2022-09-30 10:35:10.201666', '2022-10-14', '17:37', 8491, '커피전문점', '대전 유성구 은구비서로23번길 15 1층', 0, 36.37417048913508, 127.31969338469234, '투썸플레이스 대전노은역점', 32, 3, 1),
	(120, '0930 오늘날', '2022-09-30 15:56:33.342365', '2022-09-30 15:56:33.342365', '2022-09-30', '18:58', NULL, NULL, '대전 유성구 덕명동 597-16', 1, 36.34780765716696, 127.30017967705601, '지정위치', 34, 1, 1),
	(121, '0930 오늘날', '2022-09-30 15:56:33.359365', '2022-09-30 15:56:33.359365', '2022-09-30', '18:58', 6390, '퓨전한식', '대전 유성구 학하중앙로59번길 5-13 1층', 0, 36.34637004669166, 127.301346067022, '본죽&비빔밥cafe 대전학하점', 34, 2, 1),
	(122, '0930 오늘날', '2022-09-30 15:56:33.380363', '2022-09-30 15:56:33.380363', '2022-09-30', '18:58', 6896, '한식', '대전 유성구 학하서로121번길 31-6', 0, 36.3487607233267, 127.299253132867, '단백집심야식당', 34, 3, 1),
	(123, 'saddfsdfa', '2022-09-30 16:11:12.575507', '2022-09-30 16:11:12.575507', '2022-10-07', '19:14', NULL, NULL, '대전 유성구 덕명동 627', 1, 36.34757307336674, 127.30029017642839, '지정위치', 35, 1, 1),
	(124, 'saddfsdfa', '2022-09-30 16:11:12.593489', '2022-09-30 16:11:12.593489', '2022-10-07', '19:14', 6862, '한식', '대전 유성구 학하중앙로59번길 5-7', 0, 36.3461261240521, 127.301585746288, '알찬식당', 35, 2, 1),
	(125, 'saddfsdfa', '2022-09-30 16:11:12.610491', '2022-09-30 16:11:12.610491', '2022-10-07', '19:14', 3927, '아이스크림', '대전 유성구 학하서로 126-30', 0, 36.3466787575771, 127.301144511216, '배스킨라빈스 대전학하점', 35, 3, 1),
	(126, '놀고 떡볶이 ㄱㄱ', '2022-09-30 19:08:56.651498', '2022-09-30 19:08:56.651498', '2022-10-18', '21:08', NULL, NULL, '대전 유성구 봉명동 1036', 1, 36.34738551079273, 127.34317825700799, '지정위치', 36, 1, 1),
	(127, '놀고 떡볶이 ㄱㄱ', '2022-09-30 19:08:56.671497', '2022-09-30 19:08:56.671497', '2022-10-18', '21:08', 968, '게임방,PC방', '대전 유성구 도안대로 512-17 봉명프라자 2층', 0, 36.3459940959821, 127.341289534686, 'UP PC방', 36, 2, 1),
	(128, '놀고 떡볶이 ㄱㄱ', '2022-09-30 19:08:56.690501', '2022-09-30 19:08:56.691500', '2022-10-18', '21:08', 1697, '노래방', '대전 유성구 도안대로 511-8 3층', 0, 36.34596825, 127.3396062, '몽노래연습장', 36, 3, 1),
	(129, '놀고 떡볶이 ㄱㄱ', '2022-09-30 19:08:56.709499', '2022-09-30 19:08:56.709499', '2022-10-18', '21:08', 3575, '떡볶이', '대전 유성구 상대동로36번길 27', 0, 36.3467455680546, 127.339746602811, '응급실국물떡볶이 대전원신흥점', 36, 4, 1),
	(130, '짆애 & 섬ㅎ루', '2022-10-01 01:12:50.910669', '2022-10-01 01:12:50.910669', '2022-10-07', '13:39', NULL, NULL, '대전 유성구 궁동 410-4', 1, 36.36200579014812, 127.34983851606088, '지정위치', 37, 1, 9),
	(131, '짆애 & 섬ㅎ루', '2022-10-01 01:12:50.928694', '2022-10-01 01:12:50.928694', '2022-10-07', '13:39', 3602, '떡볶이', '대전 유성구 대학로151번길 53', 0, 36.36307388975596, 127.35007505407613, '청년다방 대전궁동점', 37, 2, 9),
	(132, '짆애 & 섬ㅎ루', '2022-10-01 01:12:50.946663', '2022-10-01 01:12:50.946663', '2022-10-07', '13:39', 1093, '게임방,PC방', '대전 유성구 대학로151번길 45 2층', 0, 36.3626234882039, 127.350011755118, '아이센스리그PC방 대전궁동점', 37, 3, 9),
	(133, '짆애 & 섬ㅎ루', '2022-10-01 01:12:50.961692', '2022-10-01 01:12:50.961692', '2022-10-07', '13:39', 2090, '노래방', '대전 유성구 온천북로33번길 36-38', 0, 36.35813512, 127.3492641, '섹시노래연습장', 37, 4, 9),
	(134, '김강호바ㅗ ㅇ', '2022-10-01 04:16:46.786185', '2022-10-01 04:16:46.786185', '2022-10-07', '04:18', NULL, NULL, '대전 유성구 궁동', 1, 36.3621587791143, 127.350218030314, '궁동로데오거리', 38, 1, 2),
	(135, '김강호바ㅗ ㅇ', '2022-10-01 04:16:46.826372', '2022-10-01 04:16:46.826372', '2022-10-07', '04:18', 98, '공원', '대전 유성구 궁동 428-1', 0, 36.36146211732, 127.351770324229, '봉암어린이공원', 38, 2, 2),
	(136, '김강호바ㅗ ㅇ', '2022-10-01 04:16:46.860456', '2022-10-01 04:16:46.860456', '2022-10-07', '04:18', 103, '공원', '대전 유성구 궁동 72-3', 0, 36.363846009393, 127.351366560567, '활골어린이공원', 38, 3, 2),
	(137, '성수약속', '2022-10-01 23:39:29.075235', '2022-10-01 23:39:29.075235', '2022-10-05', '13:38', NULL, NULL, '대전 유성구 궁동', 1, 36.3623090902355, 127.340618698906, '반석천', 39, 1, 2),
	(138, '성수약속', '2022-10-01 23:39:29.107610', '2022-10-01 23:39:29.107610', '2022-10-05', '13:38', 94, '공원', '대전 유성구 장대동 345', 0, 36.36302112342515, 127.33994881487547, '호미어린이공원', 39, 2, 2),
	(139, '성수약속', '2022-10-01 23:39:29.130271', '2022-10-01 23:39:29.130271', '2022-10-05', '13:38', 4159, '삼겹살', '대전 유성구 대학로81번길 65 113호', 0, 36.3622243901177, 127.341246741774, '쫄면주는삼겹본능 대전궁동점', 39, 3, 2),
	(143, 't02의 약속', '2022-10-02 00:34:22.206028', '2022-10-02 00:34:22.206056', '2022-10-20', '03:37', NULL, NULL, '대전 유성구 덕명동 597-13', 1, 36.34795245956724, 127.29993515209169, '지정위치', 41, 1, 7),
	(144, 't02의 약속', '2022-10-02 00:34:22.220642', '2022-10-02 00:34:22.220663', '2022-10-20', '03:37', 3927, '아이스크림', '대전 유성구 학하서로 126-30', 0, 36.3466787575771, 127.301144511216, '배스킨라빈스 대전학하점', 41, 2, 7),
	(145, 't02의 약속', '2022-10-02 00:34:22.234793', '2022-10-02 00:34:22.234814', '2022-10-20', '03:37', 6241, '도시락', '대전 유성구 학하서로121번길 39-3 102호', 0, 36.3491002323857, 127.299346895766, '오봉도시락 대전한밭대점', 41, 3, 7),
	(146, 't02의 약속', '2022-10-02 00:34:22.249148', '2022-10-02 00:34:22.249167', '2022-10-20', '03:37', 5284, '치킨', '대전 유성구 학하서로121번길 163 1층 101호', 0, 36.3482680643755, 127.299858382005, '굽네치킨 대전학하지구점', 41, 4, 7),
	(147, 't02의 약속', '2022-10-02 00:34:22.262898', '2022-10-02 00:34:22.262919', '2022-10-20', '03:37', 131, '공원', '대전 유성구 덕명동 598', 0, 36.349086086444, 127.298877839289, '덕명2어린이공원', 41, 5, 7),
	(152, '여ㅑㄱ솧ㄱㅇㄹ', '2022-10-02 00:53:06.996050', '2022-10-02 00:53:06.996050', '2022-10-05', '01:53', NULL, NULL, '대전 유성구 덕명동 614', 1, 36.3468343386977, 127.30019822080962, '지정위치', 43, 1, 1),
	(153, '여ㅑㄱ솧ㄱㅇㄹ', '2022-10-02 00:53:07.014051', '2022-10-02 00:53:07.014051', '2022-10-05', '01:53', 6862, '한식', '대전 유성구 학하중앙로59번길 5-7', 0, 36.3461261240521, 127.301585746288, '알찬식당', 43, 2, 1),
	(154, '여ㅑㄱ솧ㄱㅇㄹ', '2022-10-02 00:53:07.031051', '2022-10-02 00:53:07.032051', '2022-10-05', '01:53', 5284, '치킨', '대전 유성구 학하서로121번길 163 1층 101호', 0, 36.3482680643755, 127.299858382005, '굽네치킨 대전학하지구점', 43, 3, 1),
	(155, '여ㅑㄱ솧ㄱㅇㄹ', '2022-10-02 00:53:07.049053', '2022-10-02 00:53:07.049053', '2022-10-05', '01:53', 6390, '퓨전한식', '대전 유성구 학하중앙로59번길 5-13 1층', 0, 36.34637004669166, 127.301346067022, '본죽&비빔밥cafe 대전학하점', 43, 4, 1),
	(156, '죽동', '2022-10-02 00:58:12.160647', '2022-10-02 00:58:12.160677', '2022-10-13', '03:01', 109, '공원', '대전 유성구 죽동 712-1', 0, 36.3739562195545, 127.336675558154, '죽동근린공원', 44, 1, 5),
	(157, '죽동', '2022-10-02 00:58:12.177401', '2022-10-02 00:58:12.177424', '2022-10-13', '03:01', NULL, NULL, '대전 유성구 봉명동 563-10', 1, 36.35615350767651, 127.33379129343685, '지정위치', 44, 2, 5),
	(158, '죽동', '2022-10-02 00:58:12.194530', '2022-10-02 00:58:12.194551', '2022-10-13', '03:01', 614, '도서관', '대전 유성구 상대남로 26 관리사무소', 0, 36.34237000540582, 127.33604496713818, '트리풀시티아파트문고', 44, 3, 5),
	(159, '죽동', '2022-10-02 00:58:12.210409', '2022-10-02 00:58:12.210432', '2022-10-13', '03:01', 2661, '디저트카페', '대전 서구 관저남로25번길 14-11', 0, 36.3470452779746, 127.341145961494, '회란', 44, 4, 5),
	(160, '성수약속테스트', '2022-10-02 02:30:48.496463', '2022-10-02 02:30:48.496463', '2022-10-04', '02:32', NULL, NULL, '대전 유성구 덕명서로12번길 4', 1, 36.3597468723321, 127.301442194781, '덕명식당', 45, 1, 2),
	(161, '성수약속테스트', '2022-10-02 02:30:48.542479', '2022-10-02 02:30:48.542479', '2022-10-04', '02:32', 7043, '한식', '대전 유성구 덕명서로12번길 4', 0, 36.3597468723321, 127.301442194781, '덕명식당', 45, 2, 2),
	(162, '김성수', '2022-10-02 02:37:55.460333', '2022-10-02 02:37:55.460333', '2022-10-12', '05:40', NULL, NULL, '대전 유성구 학하서로121번길 39-3 102호', 1, 36.3491002323857, 127.299346895766, '오봉도시락 대전한밭대점', 46, 1, 2),
	(163, '김성수', '2022-10-02 02:37:55.485263', '2022-10-02 02:37:55.485263', '2022-10-12', '05:40', 8339, '커피전문점', '대전 유성구 학하서로121번길 45-2 1층', 0, 36.3495772875153, 127.298854094086, '빽다방 대전한밭대점', 46, 2, 2),
	(164, '김성수', '2022-10-02 02:37:55.509195', '2022-10-02 02:37:55.509195', '2022-10-12', '05:40', 3978, '토스트', '대전 유성구 학하서로121번길 51 1층', 0, 36.34967764871381, 127.29872190828995, '이삭토스트 대전한밭대점', 46, 3, 2),
	(165, '성수테스트', '2022-10-02 05:00:17.244543', '2022-10-02 05:00:17.244543', '2022-10-06', '05:02', NULL, NULL, '대전 유성구 궁동', 1, 36.3621587791143, 127.350218030314, '궁동로데오거리', 47, 1, 2),
	(166, '성수테스트', '2022-10-02 05:00:17.270784', '2022-10-02 05:00:17.270784', '2022-10-06', '05:02', 390, '테마거리', '대전 유성구 궁동', 0, 36.3621587791143, 127.350218030314, '궁동로데오거리', 47, 2, 2),
	(167, '성수테스트', '2022-10-02 05:00:17.298452', '2022-10-02 05:00:17.298452', '2022-10-06', '05:02', 1086, '게임방,PC방', '대전 유성구 대학로151번길 35', 0, 36.3621241888298, 127.350028460662, '제로PC', 47, 3, 2),
	(168, '성수테스트', '2022-10-02 05:00:17.317678', '2022-10-02 05:00:17.317678', '2022-10-06', '05:02', 1091, '게임방,PC방', '대전 유성구 대학로151번길 39', 0, 36.3624406208126, 127.349987537833, 'JR피씨방', 47, 4, 2),
	(169, '성수의약속', '2022-10-02 06:18:43.300916', '2022-10-02 06:18:43.300916', '2022-10-04', '00:00', NULL, NULL, '대전 유성구 궁동', 1, 36.3621587791143, 127.350218030314, '궁동로데오거리', 48, 1, 2),
	(170, '성수의약속', '2022-10-02 06:18:43.337128', '2022-10-02 06:18:43.337128', '2022-10-04', '00:00', 85, '공원', '대전 유성구 봉명동 614', 0, 36.3585143085525, 127.344056036427, '선들공원', 48, 2, 2),
	(171, '성수의약속', '2022-10-02 06:18:43.360268', '2022-10-02 06:18:43.360268', '2022-10-04', '00:00', 450, '미술관', '대전 유성구 온천동로 19-1', 0, 36.3536300496193, 127.348989982888, '성암미술관', 48, 3, 2),
	(172, '성수의약속', '2022-10-02 06:18:43.382238', '2022-10-02 06:18:43.382238', '2022-10-04', '00:00', 2091, '노래방', '대전 유성구 원내로 31', 0, 36.35813512, 127.3492641, '팡팡노래방', 48, 4, 2),
	(173, '성수의약속', '2022-10-02 06:18:43.403402', '2022-10-02 06:18:43.403402', '2022-10-04', '00:00', 3335, '헬스클럽', '대전 유성구 한밭대로 502 홈플러스 4층', 0, 36.3584698299433, 127.354341690432, '락시웰니스센터', 48, 5, 2),
	(174, '성수의약속', '2022-10-02 06:18:43.431059', '2022-10-02 06:18:43.431059', '2022-10-04', '00:00', 3378, '헬스클럽', '대전 유성구 어은로 57 한빛프라자 5층', 0, 36.3637156375866, 127.356437933253, '한빛프라자 헬스요가골프', 48, 6, 2),
	(175, '성수와 성배의 데이트', '2022-10-02 06:54:01.792568', '2022-10-02 06:54:01.792568', '2022-10-03', '06:52', 297, '도시근린공원', '대전 유성구 궁동로18번길 24', 0, 36.3626540155447, 127.348508820537, '욧골문화공원', 49, 1, 2),
	(176, '성수와 성배의 데이트', '2022-10-02 06:54:01.865074', '2022-10-02 06:54:01.865074', '2022-10-03', '06:52', NULL, NULL, '대전 유성구 궁동', 1, 36.3621587791143, 127.350218030314, '궁동로데오거리', 49, 2, 2),
	(177, '성수와 성배의 데이트', '2022-10-02 06:54:01.890711', '2022-10-02 06:54:01.890711', '2022-10-03', '06:52', 1057, '게임방,PC방', '대전 유성구 문화원로 152 4층', 0, 36.3578030855485, 127.352471365904, '맥스피드PC방 대전유성본점', 49, 3, 2),
	(178, '테스트 데이트', '2022-10-02 19:24:56.641331', '2022-10-02 19:24:56.641331', '2022-10-12', '21:26', NULL, NULL, '대전 유성구 덕명동 627', 1, 36.34782439223106, 127.30069218210366, '지정위치', 50, 1, 1),
	(179, '테스트 데이트', '2022-10-02 19:24:56.658974', '2022-10-02 19:24:56.658974', '2022-10-12', '21:26', 6896, '한식', '대전 유성구 학하서로121번길 31-6', 0, 36.3487607233267, 127.299253132867, '단백집심야식당', 50, 2, 1),
	(180, '테스트 데이트', '2022-10-02 19:24:56.674996', '2022-10-02 19:24:56.674996', '2022-10-12', '21:26', 5288, '치킨', '대전 유성구 학하서로121번길 31-3', 0, 36.3487861008275, 127.29955512818, '쇼랜드치킨 대전한밭대점', 50, 3, 1),
	(181, '테스트 데이트', '2022-10-02 19:24:56.692049', '2022-10-02 19:24:56.692049', '2022-10-12', '21:26', 6241, '도시락', '대전 유성구 학하서로121번길 39-3 102호', 0, 36.3491002323857, 127.299346895766, '오봉도시락 대전한밭대점', 50, 4, 1),
	(182, '김강호', '2022-10-03 00:41:20.129060', '2022-10-03 00:41:20.129060', '2022-10-03', '00:43', NULL, NULL, '대전 서구 둔산동 1036', 1, 36.3522679369433, 127.378444183104, '갤러리아타임월드점 고메이월드', 51, 1, 2),
	(183, '김강호', '2022-10-03 00:41:20.260614', '2022-10-03 00:41:20.260614', '2022-10-03', '00:43', 2887, '만화카페', '대전 서구 대덕대로 226 6층', 0, 36.3526041997894, 127.379825025785, '몽톨', 51, 2, 2),
	(184, '김강호', '2022-10-03 00:41:20.281688', '2022-10-03 00:41:20.281830', '2022-10-03', '00:43', 3278, '헬스클럽', '대전 서구 둔산로 52 미라클빌딩 9층', 0, 36.3510220374965, 127.379730444715, '아슈레퍼스널트레이닝센터', 51, 3, 2),
	(185, '이진행중입니다.', '2022-10-03 00:51:27.988389', '2022-10-03 00:51:27.988389', '2022-10-06', '03:51', NULL, NULL, '대전 서구 둔산동 1101', 1, 36.3507797778436, 127.374828600931, '엠박스', 52, 1, 2),
	(186, '이진행중입니다.', '2022-10-03 00:51:28.011955', '2022-10-03 00:51:28.011955', '2022-10-06', '03:51', 1009, '게임방,PC방', '대전 서구 대덕대로185번길 58 5층', 0, 36.3511766417892, 127.37471798462, '엘라PC방', 52, 2, 2),
	(187, '이진행중입니다.', '2022-10-03 00:51:28.033680', '2022-10-03 00:51:28.033680', '2022-10-06', '03:51', 1018, '게임방,PC방', '대전 서구 둔지로 19 3층', 0, 36.3515883509421, 127.376192735468, '아레나X PC 대전둔산점', 52, 3, 2),
	(188, '베스킨라빈스', '2022-10-03 05:26:14.916767', '2022-10-03 05:26:14.916767', '2022-10-14', '08:26', NULL, NULL, '대전 유성구 학하서로 126-30', 1, 36.3466787575771, 127.301144511216, '배스킨라빈스 대전학하점', 53, 1, 2),
	(189, '베스킨라빈스', '2022-10-03 05:26:14.939161', '2022-10-03 05:26:14.939161', '2022-10-14', '08:26', 3927, '아이스크림', '대전 유성구 학하서로 126-30', 0, 36.3466787575771, 127.301144511216, '배스킨라빈스 대전학하점', 53, 2, 2),
	(190, '성수와 성배의 데이트', '2022-10-03 06:41:06.702121', '2022-10-03 06:41:06.702121', '2022-10-03', '19:30', 2097, '노래방', '대전 유성구 문화원로 141', 0, 36.35844403, 127.3514827, '톡톡노래연습장', 54, 1, 2),
	(191, '성수와 성배의 데이트', '2022-10-03 06:41:06.745673', '2022-10-03 06:41:06.745673', '2022-10-03', '19:30', 2571, '디저트카페', '대전 유성구 농대로15번길 7', 0, 36.3616216594948, 127.352675769935, '카페소신', 54, 2, 2),
	(192, '성수와 성배의 데이트', '2022-10-03 06:41:06.772169', '2022-10-03 06:41:06.772169', '2022-10-03', '19:30', 665, '서점', '대전 유성구 어은로 57', 0, 36.365052349169, 127.356649050789, '한빛서점', 54, 3, 2),
	(193, '성수와 성배의 데이트', '2022-10-03 06:41:06.801963', '2022-10-03 06:41:06.801963', '2022-10-03', '19:30', NULL, NULL, '대전 유성구 궁동', 1, 36.3621587791143, 127.350218030314, '궁동로데오거리', 54, 4, 2),
	(194, '성수와 성배의 데이트', '2022-10-03 06:41:06.830964', '2022-10-03 06:41:06.830964', '2022-10-03', '19:30', 2652, '테마카페', '대전 유성구 대학로76번길 55', 0, 36.3601164803493, 127.347211748142, '카페카레이지히피스', 54, 5, 2),
	(195, 'ㅇㅇ', '2022-10-03 07:51:43.080994', '2022-10-03 07:51:43.080994', '2022-10-05', '08:51', NULL, NULL, '대전 유성구 궁동', 1, 36.3621587791143, 127.350218030314, '궁동로데오거리', 55, 1, 2),
	(196, 'ㅇㅇ', '2022-10-03 07:51:43.183451', '2022-10-03 07:51:43.184481', '2022-10-05', '08:51', 665, '서점', '대전 유성구 어은로 57', 0, 36.365052349169, 127.356649050789, '한빛서점', 55, 2, 2),
	(197, '아 연기 하기 싫다', '2022-10-03 14:51:13.806277', '2022-10-03 14:51:13.806306', '2022-10-05', '14:18', NULL, NULL, '대전 유성구 궁동', 1, 36.3621587791143, 127.350218030314, '궁동로데오거리', 56, 1, 4),
	(198, '아 연기 하기 싫다', '2022-10-03 14:51:13.875387', '2022-10-03 14:51:13.875408', '2022-10-05', '14:18', 301, '도시근린공원', '대전 유성구 봉명동 698', 0, 36.35733739480377, 127.35453041695634, '갑천근린공원', 56, 2, 4),
	(199, '아 연기 하기 싫다', '2022-10-03 14:51:13.888746', '2022-10-03 14:51:13.888767', '2022-10-05', '14:18', 1073, '게임방,PC방', '대전 동구 계족로 88', 0, 36.36084468208205, 127.34470360802648, 'PC토랑', 56, 3, 4),
	(200, '아 연기 하기 싫다', '2022-10-03 14:51:13.905960', '2022-10-03 14:51:13.905981', '2022-10-05', '14:18', 2074, '노래방', '대전 유성구 구즉로54번길 26', 0, 36.35733696, 127.3448263, '샤넬노래연습장', 56, 4, 4),
	(201, '아 연기 하기 싫다', '2022-10-03 14:51:13.920543', '2022-10-03 14:51:13.920563', '2022-10-05', '14:18', 2095, '유흥주점', '대전 유성구 온천북로33번길 21-26 2층', 0, 36.35817878, 127.3454049, '스타단란주점', 56, 5, 4),
	(202, '진하', '2022-10-03 20:55:23.859878', '2022-10-03 20:55:23.859909', '2022-10-06', '20:55', NULL, NULL, '대전 유성구 궁동', 1, 36.3621587791143, 127.350218030314, '궁동로데오거리', 57, 1, 2),
	(203, '진하', '2022-10-03 20:55:23.887525', '2022-10-03 20:55:23.887547', '2022-10-06', '20:55', 3942, '아이스크림', '대전 유성구 대학로151번길 27', 0, 36.361945670561234, 127.35005774464211, '배스킨라빈스 대전충남대점', 57, 2, 2),
	(204, '진하', '2022-10-03 20:55:23.901828', '2022-10-03 20:55:23.901849', '2022-10-06', '20:55', 2797, '보드카페', '대전 유성구 대학로151번길 8 지하1층', 0, 36.36090052783893, 127.3502903856466, '메카', 57, 3, 2),
	(205, '진하', '2022-10-03 20:55:23.916504', '2022-10-03 20:55:23.916525', '2022-10-06', '20:55', 4468, '육류,고기', '대전 유성구 대학로151번길 52 1층', 0, 36.363009303118695, 127.35028089484415, '한마음정육식당 대전궁동점', 57, 4, 2),
	(206, '조순조순', '2022-10-03 23:18:04.059880', '2022-10-03 23:18:04.059912', '2022-10-12', '13:21', NULL, NULL, '대전 유성구 덕명동 144-4', 1, 36.354640581996534, 127.29938147653341, '지정위치', 58, 1, 5),
	(207, '조순조순', '2022-10-03 23:18:04.074117', '2022-10-03 23:18:04.074138', '2022-10-12', '13:21', 5294, '치킨', '대전 유성구 학하서로121번길 97', 0, 36.34976645266399, 127.29744222763806, '또래오래 대전한밭대점', 58, 2, 5),
	(208, '조순조순', '2022-10-03 23:18:04.091930', '2022-10-03 23:18:04.091951', '2022-10-12', '13:21', 6907, '한식', '대전 유성구 수통골로55번길 176', 0, 36.349911516922, 127.29490724345548, '삼거리식당', 58, 3, 5),
	(209, '조순조순', '2022-10-03 23:18:04.105057', '2022-10-03 23:18:04.105078', '2022-10-12', '13:21', 5283, '치킨', '대전 유성구 학하서로121번길 163 1층 101호', 0, 36.3482680643755, 127.299858382005, '굽네치킨 대전학하지구점', 58, 4, 5),
	(210, '조순조순', '2022-10-03 23:18:04.119266', '2022-10-03 23:18:04.119287', '2022-10-12', '13:21', 5955, '국밥', '대전 유성구 학하서로121번길 122 1층', 0, 36.3488883147563, 127.297599305921, '이화수전통육개장 대전한밭대점', 58, 5, 5),
	(211, '0930 오늘낣', '2022-10-04 14:41:43.000000', '2022-10-04 14:41:43.000000', '2022-09-30', '18:58', 6241, '도시락', '대전 유성구 학하서로121번길 3903 102호', 0, 36.3491002323857, 127.299346895766, '오봉도시락 대전한밭대점', 50, 5, 1),
	(212, '성수님과 성배님의 데이트', '2022-10-04 16:39:17.529746', '2022-10-04 16:39:17.529746', '2022-10-04', '19:40', NULL, NULL, '대전 유성구 궁동', 1, 36.3621587791143, 127.350218030314, '궁동로데오거리', 59, 1, 2),
	(213, '성수님과 성배님의 데이트', '2022-10-04 16:39:17.576239', '2022-10-04 16:39:17.576239', '2022-10-04', '19:40', 299, '도시근린공원', '대전 유성구 봉명동 701', 0, 36.35733739480377, 127.35453041695634, '갑천근린공원', 59, 2, 2),
	(214, '성수님과 성배님의 데이트', '2022-10-04 16:39:17.607203', '2022-10-04 16:39:17.607203', '2022-10-04', '19:40', 1088, '게임방,PC방', '대전 유성구 대학로151번길 35 3층', 0, 36.3621558013171, 127.350004089736, '라이또PC방 충남대점', 59, 3, 2),
	(215, '성수님과 성배님의 데이트', '2022-10-04 16:39:17.637232', '2022-10-04 16:39:17.637232', '2022-10-04', '19:40', 306, '도시근린공원', '대전 유성구 궁동 391', 0, 36.3647550356668, 127.351147799106, '궁동근린공원', 59, 4, 2),
	(216, '약속스', '2022-10-06 00:43:40.209524', '2022-10-06 00:43:40.209524', '2022-10-12', '02:45', NULL, NULL, '대전 유성구 봉명동 551-18', 1, 36.353896261925534, 127.34169167449383, '지정위치', 60, 1, 1),
	(217, '약속스', '2022-10-06 00:43:40.225522', '2022-10-06 00:43:40.225522', '2022-10-12', '02:45', 6299, '샤브샤브', '대전 유성구 계룡로 105 2층', 0, 36.3537175288902, 127.342426189055, '샤브쌈주머니 대전유성점', 60, 2, 1),
	(218, '약속스', '2022-10-06 00:43:40.242522', '2022-10-06 00:43:40.242522', '2022-10-12', '02:45', 3742, '분식', '대전 유성구 온천로 45 유스퀘어동 1층 107호', 0, 36.3557508589257, 127.342957614003, '기봉이김밥 대전봉명점', 60, 3, 1),
	(219, '약속스', '2022-10-06 00:43:40.259523', '2022-10-06 00:43:40.259523', '2022-10-12', '02:45', 8400, '커피전문점', '대전 유성구 계룡로 92', 0, 36.3535772424924, 127.34106193782, '이디야커피 대전유성온천역점', 60, 4, 1),
	(220, '약속스', '2022-10-06 00:43:40.274524', '2022-10-06 00:43:40.274524', '2022-10-12', '02:45', 8422, '커피전문점', '대전 유성구 온천로 45', 0, 36.3556547758007, 127.343152162093, '감성커피 대전유성점', 60, 5, 1),
	(221, '성수와 성배의 데이트', '2022-10-06 02:18:29.095421', '2022-10-06 02:18:29.095421', '2022-10-08', '15:14', 3335, '헬스클럽', '대전 유성구 한밭대로 502 홈플러스 4층', 0, 36.3584698299433, 127.354341690432, '락시웰니스센터', 61, 1, 2),
	(222, '성수와 성배의 데이트', '2022-10-06 02:18:29.129281', '2022-10-06 02:18:29.129281', '2022-10-08', '15:14', 8037, '카페', '대전 유성구 문화원로 105 썸데이 1,2층', 0, 36.3589739846701, 127.347455130863, '스토랑트커피 대전봉명점', 61, 2, 2),
	(223, '성수와 성배의 데이트', '2022-10-06 02:18:29.152512', '2022-10-06 02:18:29.152512', '2022-10-08', '15:14', 7476, '술집', '대전 유성구 온천북로33번길 35-17 나이스팰리스 111호', 0, 36.358389705541, 127.346011936893, '라스트춘선 대전', 61, 3, 2),
	(224, '성수와 성배의 데이트', '2022-10-06 02:18:29.174908', '2022-10-06 02:18:29.174908', '2022-10-08', '15:14', 6049, '국수', '대전 유성구 문화원로146번길 17 1층', 0, 36.35723735582603, 127.3517891933081, '대손관 본점', 61, 4, 2),
	(225, '성수와 성배의 데이트', '2022-10-06 02:18:29.197089', '2022-10-06 02:18:29.197089', '2022-10-08', '15:14', NULL, NULL, '대전 유성구 궁동', 1, 36.3621587791143, 127.350218030314, '궁동로데오거리', 61, 5, 2),
	(226, '베라', '2022-10-06 03:50:48.869558', '2022-10-06 03:50:48.869558', '2022-10-06', '06:50', NULL, NULL, '대전 유성구 학하서로 126-30', 1, 36.3466787575771, 127.301144511216, '배스킨라빈스 대전학하점', 62, 1, 2),
	(227, '베라', '2022-10-06 03:50:48.944017', '2022-10-06 03:50:48.944017', '2022-10-06', '06:50', 3927, '아이스크림', '대전 유성구 학하서로 126-30', 0, 36.3466787575771, 127.301144511216, '배스킨라빈스 대전학하점', 62, 2, 2),
	(228, '아이스크림 먹으러 가자!', '2022-10-06 03:54:21.410694', '2022-10-06 03:54:21.410694', '2022-10-08', '03:59', NULL, NULL, '대전 유성구 학하서로 126-30', 1, 36.3466787575771, 127.301144511216, '배스킨라빈스 대전학하점', 63, 1, 2),
	(229, '아이스크림 먹으러 가자!', '2022-10-06 03:54:21.435465', '2022-10-06 03:54:21.435465', '2022-10-08', '03:59', 3927, '아이스크림', '대전 유성구 학하서로 126-30', 0, 36.3466787575771, 127.301144511216, '배스킨라빈스 대전학하점', 63, 2, 2),
	(235, '성수와 성배의 데이트', '2022-10-06 14:27:03.949552', '2022-10-06 14:27:03.949552', '2022-10-08', '14:28', NULL, NULL, '대전 유성구 궁동', 1, 36.3621587791143, 127.350218030314, '궁동로데오거리', 65, 1, 2),
	(236, '성수와 성배의 데이트', '2022-10-06 14:27:03.988368', '2022-10-06 14:27:03.988368', '2022-10-08', '14:28', 4468, '육류,고기', '대전 유성구 대학로151번길 52 1층', 0, 36.363009303118695, 127.35028089484415, '한마음정육식당 대전궁동점', 65, 2, 2),
	(237, '성수와 성배의 데이트', '2022-10-06 14:27:04.011382', '2022-10-06 14:27:04.011382', '2022-10-08', '14:28', 4983, '중국요리', '대전 유성구 대학로151번길 19', 0, 36.361521383036, 127.350001248856, '홍콩반점0410 대전궁동점', 65, 3, 2),
	(238, '성수와 성배의 데이트', '2022-10-06 14:27:04.037845', '2022-10-06 14:27:04.037845', '2022-10-08', '14:28', 6256, '도시락', '대전 유성구 궁동로18번길 73 1층', 0, 36.36286264507002, 127.35142899261615, '본도시락 대전충남대점', 65, 4, 2),
	(239, '성수와 성배의 데이트', '2022-10-06 14:27:04.057583', '2022-10-06 14:27:04.057583', '2022-10-08', '14:28', 2797, '보드카페', '대전 유성구 대학로151번길 8 지하1층', 0, 36.36090052783893, 127.3502903856466, '메카', 65, 5, 2),
	(240, '걷다보니 핑크뮬리 하천생태공원 앞이야~', '2022-10-06 14:55:54.723056', '2022-10-06 14:55:54.723091', '2022-10-06', '14:55', NULL, NULL, '대전 대덕구 석봉동 522-4', 1, 36.4546809375165, 127.421255207172, '핑크뮬리 하천생태공원', 66, 1, 4),
	(241, '걷다보니 핑크뮬리 하천생태공원 앞이야~', '2022-10-06 14:55:54.752100', '2022-10-06 14:55:54.752126', '2022-10-06', '14:55', 193, '공원', '대전 대덕구 석봉동 522-4', 0, 36.4546809375165, 127.421255207172, '핑크뮬리 하천생태공원', 66, 2, 4),
	(242, '걷다보니 핑크뮬리 하천생태공원 앞이야~', '2022-10-06 14:55:54.768019', '2022-10-06 14:55:54.768046', '2022-10-06', '14:55', 191, '공원', '대전 대덕구 석봉동', 0, 36.453681433446, 127.420522489973, '금강로하스 산호빛공원', 66, 3, 4),
	(243, '라이브 시연', '2022-10-06 15:21:32.896585', '2022-10-06 15:21:32.896627', '2022-10-06', '16:30', NULL, NULL, '대전 유성구 봉명동 553-2', 1, 36.3537203343187, 127.341445807064, '유성온천역 대전1호선', 67, 1, 32),
	(244, '라이브 시연', '2022-10-06 15:21:32.928036', '2022-10-06 15:21:32.928063', '2022-10-06', '16:30', 4597, '족발,보쌈', '대전 유성구 온천로 26', 0, 36.35534382465907, 127.34064851170825, '가장맛있는족발 대전유성점', 67, 2, 32),
	(245, '라이브 시연', '2022-10-06 15:21:32.942843', '2022-10-06 15:21:32.942866', '2022-10-06', '16:30', 2633, '디저트카페', '대전 유성구 대학로 14', 0, 36.3549828783364, 127.342391623381, '설빙 대전유성온천점', 67, 3, 32),
	(246, '라이브 시연', '2022-10-06 15:21:32.956111', '2022-10-06 15:21:32.956133', '2022-10-06', '16:30', 764, '영화관', '대전 유성구 계룡로132번길 10 센트럴프라자 5층', 0, 36.3522839359633, 127.344558913244, '메가박스 대전유성', 67, 4, 32),
	(247, '고구마고의 약속', '2022-10-06 15:23:28.118493', '2022-10-06 15:23:28.118528', '2022-10-19', '16:25', NULL, NULL, '대전 유성구 봉명동 551-12', 1, 36.353913520338985, 127.34195913083789, '지정위치', 68, 1, 31),
	(248, '고구마고의 약속', '2022-10-06 15:23:28.134551', '2022-10-06 15:23:28.134574', '2022-10-19', '16:25', 4597, '족발,보쌈', '대전 유성구 온천로 26', 0, 36.35534382465907, 127.34064851170825, '가장맛있는족발 대전유성점', 68, 2, 31),
	(249, '고구마고의 약속', '2022-10-06 15:23:28.149076', '2022-10-06 15:23:28.149099', '2022-10-19', '16:25', 2633, '디저트카페', '대전 유성구 대학로 14', 0, 36.3549828783364, 127.342391623381, '설빙 대전유성온천점', 68, 3, 31),
	(250, '고구마고의 약속', '2022-10-06 15:23:28.164158', '2022-10-06 15:23:28.164180', '2022-10-19', '16:25', 764, '영화관', '대전 유성구 계룡로132번길 10 센트럴프라자 5층', 0, 36.3522839359633, 127.344558913244, '메가박스 대전유성', 68, 4, 31),
	(251, '설빙만 감', '2022-10-06 15:25:57.629952', '2022-10-06 15:25:57.629987', '2022-10-12', '00:00', NULL, NULL, '대전 유성구 봉명동 552-5', 1, 36.35423997783223, 127.34124753992522, '지정위치', 69, 1, 25),
	(252, '설빙만 감', '2022-10-06 15:25:57.645614', '2022-10-06 15:25:57.645636', '2022-10-12', '00:00', 7655, '디저트카페', '대전 유성구 대학로 14', 0, 36.3549828783364, 127.342391623381, '설빙 대전유성온천점', 69, 2, 25),
	(253, '설빙만감22', '2022-10-06 15:27:27.194834', '2022-10-06 15:27:27.194898', '2022-10-13', '00:00', NULL, NULL, '대전 유성구 봉명동 576', 1, 36.35422099959699, 127.34158168455876, '지정위치', 70, 1, 25),
	(254, '설빙만감22', '2022-10-06 15:27:27.210468', '2022-10-06 15:27:27.210490', '2022-10-13', '00:00', 7655, '디저트카페', '대전 유성구 대학로 14', 0, 36.3549828783364, 127.342391623381, '설빙 대전유성온천점', 70, 2, 25),
	(255, '성수님과 데이트', '2022-10-06 15:33:22.389188', '2022-10-06 15:33:22.389222', '2022-10-08', '18:33', NULL, NULL, '대전 유성구 봉명동 553-2', 1, 36.3537203343187, 127.341445807064, '유성온천역 대전1호선', 71, 1, 34),
	(256, '성수님과 데이트', '2022-10-06 15:33:22.403381', '2022-10-06 15:33:22.403413', '2022-10-08', '18:33', 4597, '족발,보쌈', '대전 유성구 온천로 26', 0, 36.35534382465907, 127.34064851170825, '가장맛있는족발 대전유성점', 71, 2, 34),
	(257, '성수님과 데이트', '2022-10-06 15:33:22.417942', '2022-10-06 15:33:22.417966', '2022-10-08', '18:33', 7655, '디저트카페', '대전 유성구 대학로 14', 0, 36.3549828783364, 127.342391623381, '설빙 대전유성온천점', 71, 3, 34),
	(258, '성수님과 데이트', '2022-10-06 15:33:22.432206', '2022-10-06 15:33:22.432228', '2022-10-08', '18:33', 764, '영화관', '대전 유성구 계룡로132번길 10 센트럴프라자 5층', 0, 36.3522839359633, 127.344558913244, '메가박스 대전유성', 71, 4, 34),
	(259, '나의 약속', '2022-10-06 15:37:24.443574', '2022-10-06 15:37:24.443612', '2022-10-07', '17:39', NULL, NULL, '대전 유성구 덕명동 589-4', 1, 36.3494879614566, 127.29853736945383, '지정위치', 72, 1, 1),
	(260, '나의 약속', '2022-10-06 15:37:24.477892', '2022-10-06 15:37:24.477919', '2022-10-07', '17:39', 6240, '도시락', '대전 유성구 학하서로121번길 39-3 102호', 0, 36.3491002323857, 127.299346895766, '오봉도시락 대전한밭대점', 72, 2, 1),
	(261, '나의 약속', '2022-10-06 15:37:24.492300', '2022-10-06 15:37:24.492324', '2022-10-07', '17:39', 5672, '패스트푸드', '대전 유성구 학하중앙로 6', 0, 36.3485398476276, 127.297121182628, '롯데리아 대전한밭대점', 72, 3, 1),
	(262, '영화예매', '2022-10-06 15:39:51.350281', '2022-10-06 15:39:51.350315', '2022-10-13', '15:42', NULL, NULL, '대전 유성구 봉명동 553-2', 1, 36.3537203343187, 127.341445807064, '유성온천역 대전1호선', 73, 1, 34),
	(263, '영화예매', '2022-10-06 15:39:51.365698', '2022-10-06 15:39:51.365721', '2022-10-13', '15:42', 2633, '디저트카페', '대전 유성구 대학로 14', 0, 36.3549828783364, 127.342391623381, '설빙 대전유성온천점', 73, 2, 34),
	(264, '영화예매', '2022-10-06 15:39:51.381027', '2022-10-06 15:39:51.381052', '2022-10-13', '15:42', 764, '영화관', '대전 유성구 계룡로132번길 10 센트럴프라자 5층', 0, 36.3522839359633, 127.344558913244, '메가박스 대전유성', 73, 3, 34),
	(281, 'aa', '2022-10-06 23:47:17.955109', '2022-10-06 23:47:17.955140', '2022-10-08', '23:47', NULL, NULL, '대전 대덕구 석봉동 522-4', 1, 36.4546809375165, 127.421255207172, '핑크뮬리 하천생태공원', 74, 1, 4),
	(282, 'aa', '2022-10-06 23:47:17.971100', '2022-10-06 23:47:17.971121', '2022-10-08', '23:47', 191, '공원', '대전 대덕구 석봉동', 0, 36.453681433446, 127.420522489973, '금강로하스 산호빛공원', 74, 2, 4),
	(283, 'aa', '2022-10-06 23:47:17.985672', '2022-10-06 23:47:17.985693', '2022-10-08', '23:47', 193, '공원', '대전 대덕구 석봉동 522-4', 0, 36.4546809375165, 127.421255207172, '핑크뮬리 하천생태공원', 74, 3, 4);
/*!40000 ALTER TABLE `plan_card` ENABLE KEYS */;

-- 테이블 s07p23b307.review_review 구조 내보내기
CREATE TABLE IF NOT EXISTS `review_review` (
  `id` bigint(20) NOT NULL AUTO_INCREMENT,
  `content` varchar(100) COLLATE utf8mb4_bin NOT NULL,
  `score` int(11) NOT NULL,
  `regist` datetime(6) NOT NULL,
  `update` datetime(6) NOT NULL,
  `place_id` int(11) NOT NULL,
  `user_id` bigint(20) NOT NULL,
  PRIMARY KEY (`id`),
  KEY `review_review_user_id_ff798828_fk_accounts_user_id` (`user_id`),
  KEY `review_review_place_id_89eb9d30` (`place_id`),
  CONSTRAINT `review_review_user_id_ff798828_fk_accounts_user_id` FOREIGN KEY (`user_id`) REFERENCES `accounts_user` (`id`)
) ENGINE=InnoDB AUTO_INCREMENT=58 DEFAULT CHARSET=utf8mb4 COLLATE=utf8mb4_bin;

-- 테이블 데이터 s07p23b307.review_review:~54 rows (대략적) 내보내기
/*!40000 ALTER TABLE `review_review` DISABLE KEYS */;
INSERT INTO `review_review` (`id`, `content`, `score`, `regist`, `update`, `place_id`, `user_id`) VALUES
	(1, '맛나요!', 4, '2022-09-30 14:16:23.745149', '2022-10-02 19:21:02.786451', 1, 4),
	(2, '안녕하세요', 3, '2022-10-01 04:26:33.539889', '2022-10-01 04:26:33.539889', 23, 2),
	(3, '후후후', 3, '2022-10-01 04:28:10.470668', '2022-10-01 04:28:10.470668', 23, 2),
	(4, 'ㅇㅇㅇㅇㅇㅌㅌㅇㅇㅇㅇㅇㅇㅇ', 3, '2022-10-01 04:32:10.667470', '2022-10-01 07:47:55.631186', 24, 2),
	(5, 'ed', 3, '2022-10-01 04:49:53.992248', '2022-10-01 04:49:53.992248', 24, 2),
	(6, 'ed', 3, '2022-10-01 04:50:29.044868', '2022-10-01 04:50:29.044868', 24, 2),
	(7, '안녕하세요 리뷰입니다. 리뷰를 작성했습니다.안녕하세요 ㅇ', 3, '2022-10-01 20:54:25.952036', '2022-10-01 20:54:25.952036', 6719, 2),
	(8, '리뷰를 남겨보겠습니다. 이진행 수정', 3, '2022-10-01 23:41:18.513743', '2022-10-02 03:11:11.350958', 94, 2),
	(9, '리뷰를 등록해볼까요. 리뷰를 수정해보겠습니다. 수정완료안녕하세요 리뷰수정완료', 3, '2022-10-01 23:45:26.655825', '2022-10-02 02:28:59.350272', 4159, 2),
	(10, '덕명식당 리뷰남기기 별점 1점 주기로 수정', 1, '2022-10-02 02:30:57.534721', '2022-10-03 15:28:50.962455', 7043, 2),
	(11, '리뷰 남기기', 3, '2022-10-02 02:30:59.866244', '2022-10-02 02:30:59.866244', 7043, 2),
	(12, '리뷰를 등록해보겠습니다.', 3, '2022-10-02 02:38:05.247432', '2022-10-02 02:38:05.247432', 8339, 2),
	(13, '리뷰수정', 3, '2022-10-02 05:00:37.857993', '2022-10-02 14:07:20.305008', 390, 2),
	(14, '도시락이 맛있어요!!!!굳ㄱ두', 4, '2022-10-02 13:57:20.081909', '2022-10-03 10:59:39.338211', 6241, 1),
	(15, '성암미술관리뷰작성 리뷰수정', 3, '2022-10-02 14:13:02.140825', '2022-10-02 14:13:10.430152', 450, 2),
	(16, '몽톨 리뷰 등록하기 수정하기', 5, '2022-10-03 00:44:29.516616', '2022-10-03 05:14:50.547341', 2887, 2),
	(17, '트레이너 리뷰등록', 0, '2022-10-03 00:48:51.511817', '2022-10-03 00:48:51.511817', 3278, 2),
	(18, '엘라PC방 라면덮밥  수정을하겠습니다. 리뷰를수정 슈정 했습니다. 리뷰수정완료 리뷰수정하기 리뷰수정하기 리뷰더수정하기 리뷰를수정 리뷰수정', 5, '2022-10-03 00:51:49.581174', '2022-10-03 04:42:20.878106', 1009, 2),
	(19, '안녕핫에ㅛ', 3, '2022-10-03 02:16:38.514809', '2022-10-03 02:16:38.515903', 1018, 2),
	(20, '리뷰를 등록했습니다.', 5, '2022-10-03 02:44:19.133614', '2022-10-03 02:44:19.133614', 2091, 2),
	(21, '선들공원 리뷰 등록', 2, '2022-10-03 03:14:31.277542', '2022-10-03 03:14:43.654141', 85, 2),
	(22, 'JR피씨방', 2, '2022-10-03 03:24:07.384046', '2022-10-03 03:28:01.588260', 1091, 2),
	(23, '아이스크림이 저번엔 맛있었는데 오늘은 맛없어요! 안녕', 4, '2022-10-03 05:26:31.303229', '2022-10-06 13:48:58.850780', 3927, 2),
	(24, '서점 내부가 깔끔하고 책 읽기가 너무 좋았습니다!', 5, '2022-10-03 07:52:28.581801', '2022-10-03 07:52:28.581801', 665, 2),
	(25, '노래 부르기 좋아요', 5, '2022-10-03 10:59:26.315393', '2022-10-03 10:59:26.315393', 1816, 1),
	(26, '노래 부르기 좋아요', 5, '2022-10-03 10:59:31.492027', '2022-10-03 10:59:31.492027', 1816, 1),
	(27, '사장님이 불친절해요 ㅠㅠ', 1, '2022-10-03 11:07:18.799676', '2022-10-03 11:07:18.799676', 968, 1),
	(28, '리뷰를 등록하겠습니다. 수정', 5, '2022-10-03 13:53:13.069773', '2022-10-03 13:54:17.170937', 2571, 2),
	(29, '리뷰등록 별점 5점', 5, '2022-10-04 16:40:44.116024', '2022-10-04 16:41:00.173051', 299, 2),
	(30, '서비스가 너무 친절하고 좋아요!', 4, '2022-10-06 02:06:39.324948', '2022-10-06 02:06:39.324948', 3942, 2),
	(34, '안녕하세요 안녕하세요 안녕', 2, '2022-10-06 13:50:11.507682', '2022-10-06 13:51:01.659105', 3335, 2),
	(35, '내용', 4, '2022-10-06 14:06:06.432643', '2022-10-06 14:06:06.432643', 10, 4),
	(36, '내용', 4, '2022-10-06 14:07:31.564480', '2022-10-06 14:07:31.564480', 10, 4),
	(37, '내용', 4, '2022-10-06 14:10:17.127609', '2022-10-06 14:10:17.128622', 10, 4),
	(38, '내용', 4, '2022-10-06 14:11:33.597127', '2022-10-06 14:11:33.598125', 10, 4),
	(39, '내용', 4, '2022-10-06 14:18:47.066300', '2022-10-06 14:18:47.066300', 10, 4),
	(40, '내용', 4, '2022-10-06 14:19:01.525708', '2022-10-06 14:19:01.525708', 10, 4),
	(41, '내용', 4, '2022-10-06 14:20:15.300534', '2022-10-06 14:20:15.300534', 10, 4),
	(42, '내용3', 1, '2022-10-06 14:20:27.025593', '2022-10-06 14:36:58.770362', 10, 4),
	(43, '걷기 좋아요', 5, '2022-10-06 14:56:03.888175', '2022-10-06 14:56:03.888204', 193, 4),
	(44, '내용4', 1, '2022-10-06 15:06:09.227513', '2022-10-06 15:08:41.384908', 10, 4),
	(45, '맛있어요 최고', 5, '2022-10-06 15:21:50.294038', '2022-10-06 15:21:50.294068', 4597, 32),
	(46, '언제나 맛있는 인절미 빙수', 5, '2022-10-06 15:22:16.346863', '2022-10-06 15:22:16.346894', 2633, 32),
	(47, '공조 2 허쉴?', 5, '2022-10-06 15:22:26.849892', '2022-10-06 15:22:26.849924', 764, 32),
	(48, '유성구 슈퍼스타 이진행도 반한 그 족발집', 4, '2022-10-06 15:24:18.263584', '2022-10-06 15:24:18.263616', 4597, 31),
	(49, '애플망고빙수가 내 취향이에요\n굳굳', 5, '2022-10-06 15:24:47.568721', '2022-10-06 15:24:47.568752', 2633, 31),
	(50, '이날 알바가 조금 불친절했음 ㅠ-ㅠ', 3, '2022-10-06 15:26:51.172414', '2022-10-06 15:26:51.172447', 7655, 25),
	(51, '가장 맛없는 족발 집인듯 ㅇㅅㅇ', 1, '2022-10-06 15:33:31.785536', '2022-10-06 15:33:31.785567', 4597, 33),
	(52, '너무 맛있어요 2번 3번 4번 계속 오세요~', 5, '2022-10-06 15:34:04.143556', '2022-10-06 15:34:04.143589', 4597, 4),
	(53, '싸피 쿠폰 덕분에 맛있게 먹고 갑니다~~', 4, '2022-10-06 15:34:29.663961', '2022-10-06 15:34:29.663992', 2633, 33),
	(54, '아니 여기 빙수 너무 맛있어요 같은 프랜차이즈인데 여기만 유독 맛있네요 ㅠㅠ', 5, '2022-10-06 15:34:43.621435', '2022-10-06 15:34:43.621467', 2633, 4),
	(55, '왕십리 CGV에는 씨네앤리빙룸이 있는데 메가박스에는 없어서 아쉽네요;;', 1, '2022-10-06 15:34:54.559411', '2022-10-06 15:34:54.559444', 764, 33),
	(56, '좌석이 너무너무너무 편해요 영화보다가 잘 뻔 했어요 여기 메가박스 아니면 다른 곳 못가게 됨 ㄹㅇ', 5, '2022-10-06 15:35:55.389197', '2022-10-06 15:35:55.389228', 764, 4),
	(57, '내용 테스트입니다.', 1, '2022-10-07 00:03:25.498939', '2022-10-07 00:03:25.498939', 10, 4);
/*!40000 ALTER TABLE `review_review` ENABLE KEYS */;

-- 테이블 s07p23b307.token_blacklist_blacklistedtoken 구조 내보내기
CREATE TABLE IF NOT EXISTS `token_blacklist_blacklistedtoken` (
  `id` bigint(20) NOT NULL AUTO_INCREMENT,
  `blacklisted_at` datetime(6) NOT NULL,
  `token_id` bigint(20) NOT NULL,
  PRIMARY KEY (`id`),
  UNIQUE KEY `token_id` (`token_id`),
  CONSTRAINT `token_blacklist_blacklistedtoken_token_id_3cc7fe56_fk` FOREIGN KEY (`token_id`) REFERENCES `token_blacklist_outstandingtoken` (`id`)
) ENGINE=InnoDB DEFAULT CHARSET=utf8mb4 COLLATE=utf8mb4_bin;

-- 테이블 데이터 s07p23b307.token_blacklist_blacklistedtoken:~0 rows (대략적) 내보내기
/*!40000 ALTER TABLE `token_blacklist_blacklistedtoken` DISABLE KEYS */;
/*!40000 ALTER TABLE `token_blacklist_blacklistedtoken` ENABLE KEYS */;

-- 테이블 s07p23b307.token_blacklist_outstandingtoken 구조 내보내기
CREATE TABLE IF NOT EXISTS `token_blacklist_outstandingtoken` (
  `id` bigint(20) NOT NULL AUTO_INCREMENT,
  `token` longtext COLLATE utf8mb4_bin NOT NULL,
  `created_at` datetime(6) DEFAULT NULL,
  `expires_at` datetime(6) NOT NULL,
  `user_id` bigint(20) DEFAULT NULL,
  `jti` varchar(255) COLLATE utf8mb4_bin NOT NULL,
  PRIMARY KEY (`id`),
  UNIQUE KEY `token_blacklist_outstandingtoken_jti_hex_d9bdf6f7_uniq` (`jti`),
  KEY `token_blacklist_outs_user_id_83bc629a_fk_accounts_` (`user_id`),
  CONSTRAINT `token_blacklist_outs_user_id_83bc629a_fk_accounts_` FOREIGN KEY (`user_id`) REFERENCES `accounts_user` (`id`)
) ENGINE=InnoDB AUTO_INCREMENT=294 DEFAULT CHARSET=utf8mb4 COLLATE=utf8mb4_bin;

-- 테이블 데이터 s07p23b307.token_blacklist_outstandingtoken:~293 rows (대략적) 내보내기
/*!40000 ALTER TABLE `token_blacklist_outstandingtoken` DISABLE KEYS */;
INSERT INTO `token_blacklist_outstandingtoken` (`id`, `token`, `created_at`, `expires_at`, `user_id`, `jti`) VALUES
	(1, 'eyJ0eXAiOiJKV1QiLCJhbGciOiJIUzI1NiJ9.eyJ0b2tlbl90eXBlIjoicmVmcmVzaCIsImV4cCI6MTY2NDQ5OTM5NCwiaWF0IjoxNjY0NDEyOTk0LCJqdGkiOiI0OWYyZDA5NzU2NzE0YjA2YWQ3ZTI2YjcwYWNlMmZjNCIsInVzZXJfaWQiOjF9.D3Skq9y_-QGW5a-04AONi953ebceYnC-QQitbMRBcbw', '2022-09-29 00:56:34.109673', '2022-09-30 00:56:34.000000', 1, '49f2d09756714b06ad7e26b70ace2fc4'),
	(2, 'eyJ0eXAiOiJKV1QiLCJhbGciOiJIUzI1NiJ9.eyJ0b2tlbl90eXBlIjoicmVmcmVzaCIsImV4cCI6MTY2NDQ5OTQwMCwiaWF0IjoxNjY0NDEzMDAwLCJqdGkiOiI5OWFmM2QwMWI0Nzc0YzAzYjNhOTM2YTk0MDc0ZDZlZSIsInVzZXJfaWQiOjF9.q9bAfFMJfcvsNvJaEkdAG7i7jnuT6o3yK_Bq0Y41q4I', '2022-09-29 00:56:40.368499', '2022-09-30 00:56:40.000000', 1, '99af3d01b4774c03b3a936a94074d6ee'),
	(3, 'eyJ0eXAiOiJKV1QiLCJhbGciOiJIUzI1NiJ9.eyJ0b2tlbl90eXBlIjoicmVmcmVzaCIsImV4cCI6MTY2NDQ5OTQyMCwiaWF0IjoxNjY0NDEzMDIwLCJqdGkiOiIzZjc0NTIwNmI5OWE0YWQxOTBhODEzYTJkYjBkMzY0YiIsInVzZXJfaWQiOjJ9.Q9JuUdKFVj868BSSXljrcT6C_5Xp9Z81dk7Ul5uTzNs', '2022-09-29 00:57:00.012718', '2022-09-30 00:57:00.000000', 2, '3f745206b99a4ad190a813a2db0d364b'),
	(4, 'eyJ0eXAiOiJKV1QiLCJhbGciOiJIUzI1NiJ9.eyJ0b2tlbl90eXBlIjoicmVmcmVzaCIsImV4cCI6MTY2NDQ5OTQyNiwiaWF0IjoxNjY0NDEzMDI2LCJqdGkiOiJhNjQxZTgwMDZjMzk0M2FiYTQyYzAxNDUxNmI2YTIyNSIsInVzZXJfaWQiOjJ9.AiaIa77m1-LoOd3RAaEjG1k5RiSJ5occswLpaPkhMuA', '2022-09-29 00:57:06.543184', '2022-09-30 00:57:06.000000', 2, 'a641e8006c3943aba42c014516b6a225'),
	(5, 'eyJ0eXAiOiJKV1QiLCJhbGciOiJIUzI1NiJ9.eyJ0b2tlbl90eXBlIjoicmVmcmVzaCIsImV4cCI6MTY2NDQ5OTk3NCwiaWF0IjoxNjY0NDEzNTc0LCJqdGkiOiIyMmM3N2E2YWRkZWY0NGZmOWMxZTRmMjE1YzYxOTBjNCIsInVzZXJfaWQiOjJ9.moGZxK5PFlSxocdl-czV9aHpIEVXp4oioss4pdotdD4', '2022-09-29 01:06:14.782572', '2022-09-30 01:06:14.000000', 2, '22c77a6addef44ff9c1e4f215c6190c4'),
	(6, 'eyJ0eXAiOiJKV1QiLCJhbGciOiJIUzI1NiJ9.eyJ0b2tlbl90eXBlIjoicmVmcmVzaCIsImV4cCI6MTY2NDUwMDA2MSwiaWF0IjoxNjY0NDEzNjYxLCJqdGkiOiIxNjg0YzNkYjllYjU0MzQ4YTNjMGQ2OGQ4YTYyYTEwZiIsInVzZXJfaWQiOjJ9._DUxrrnZaJvUxBA7_jAye2yIG13h2aoTDBNFZM8gWCk', '2022-09-29 01:07:41.335218', '2022-09-30 01:07:41.000000', 2, '1684c3db9eb54348a3c0d68d8a62a10f'),
	(7, 'eyJ0eXAiOiJKV1QiLCJhbGciOiJIUzI1NiJ9.eyJ0b2tlbl90eXBlIjoicmVmcmVzaCIsImV4cCI6MTY2NDUwMDI0OCwiaWF0IjoxNjY0NDEzODQ4LCJqdGkiOiIwODEwZWQ0YTM1N2Q0NjJiOGFkMjA3Mzc0OTYwYTBkZCIsInVzZXJfaWQiOjF9.cVYidwzOq2k4JArjjXdX0hKtuCMgGLIma2_KM4k3XVE', '2022-09-29 01:10:48.493655', '2022-09-30 01:10:48.000000', 1, '0810ed4a357d462b8ad207374960a0dd'),
	(8, 'eyJ0eXAiOiJKV1QiLCJhbGciOiJIUzI1NiJ9.eyJ0b2tlbl90eXBlIjoicmVmcmVzaCIsImV4cCI6MTY2NDUwMDI0OCwiaWF0IjoxNjY0NDEzODQ4LCJqdGkiOiIwNjY0NTE5MTc5MWE0ODhhYWIyOTY3MmE4NWYyMjBjNiIsInVzZXJfaWQiOjF9.BB8xcJJ-rSbSOv418PiU8WWfR7G28P9q5i3EmhzWRmI', '2022-09-29 01:10:48.853965', '2022-09-30 01:10:48.000000', 1, '06645191791a488aab29672a85f220c6'),
	(9, 'eyJ0eXAiOiJKV1QiLCJhbGciOiJIUzI1NiJ9.eyJ0b2tlbl90eXBlIjoicmVmcmVzaCIsImV4cCI6MTY2NDUwMDI1OCwiaWF0IjoxNjY0NDEzODU4LCJqdGkiOiI2ZjAyYjcxMmZmMzI0YjI2YmJjOGUzNzg5MGM4ZGQzOCIsInVzZXJfaWQiOjJ9.a6Gq_X63IMa_uzWGZaPTevk5c8viEZe8Vg9aXJuIxxw', '2022-09-29 01:10:58.717997', '2022-09-30 01:10:58.000000', 2, '6f02b712ff324b26bbc8e37890c8dd38'),
	(10, 'eyJ0eXAiOiJKV1QiLCJhbGciOiJIUzI1NiJ9.eyJ0b2tlbl90eXBlIjoicmVmcmVzaCIsImV4cCI6MTY2NDUwMDc2OCwiaWF0IjoxNjY0NDE0MzY4LCJqdGkiOiI1Mzg2MWYwYmY0YmE0ODQwODUwODJjYTAyYThhODJhZSIsInVzZXJfaWQiOjN9.z0wckvOvs-GKFD5Oz2CB3thR9mSLJAPMcLECadhRBSk', '2022-09-29 01:19:28.271947', '2022-09-30 01:19:28.000000', NULL, '53861f0bf4ba484085082ca02a8a82ae'),
	(11, 'eyJ0eXAiOiJKV1QiLCJhbGciOiJIUzI1NiJ9.eyJ0b2tlbl90eXBlIjoicmVmcmVzaCIsImV4cCI6MTY2NDUwMDc3MywiaWF0IjoxNjY0NDE0MzczLCJqdGkiOiJhZTA4ZWZjMmQ4YWI0OGE2OWMzMDFiMDExYTRhOWI4MyIsInVzZXJfaWQiOjN9.Sw4CMp2QDVZ9N1b-Yeg7y4xQhvK5F5OXlAaBzPe-3ZY', '2022-09-29 01:19:33.618865', '2022-09-30 01:19:33.000000', NULL, 'ae08efc2d8ab48a69c301b011a4a9b83'),
	(12, 'eyJ0eXAiOiJKV1QiLCJhbGciOiJIUzI1NiJ9.eyJ0b2tlbl90eXBlIjoicmVmcmVzaCIsImV4cCI6MTY2NDUwMjE2MSwiaWF0IjoxNjY0NDE1NzYxLCJqdGkiOiJlM2Q3M2VmODk2NGQ0ZDMxOGM0Yzk2MGQ1NmQxYjM4NiIsInVzZXJfaWQiOjJ9.6U2--zWNcWmSsG6yxCWDz7JUvQsgx38c4HpmfLw5DhQ', '2022-09-29 01:42:41.880670', '2022-09-30 01:42:41.000000', 2, 'e3d73ef8964d4d318c4c960d56d1b386'),
	(13, 'eyJ0eXAiOiJKV1QiLCJhbGciOiJIUzI1NiJ9.eyJ0b2tlbl90eXBlIjoicmVmcmVzaCIsImV4cCI6MTY2NDUwMzAzMCwiaWF0IjoxNjY0NDE2NjMwLCJqdGkiOiI3ZjczODdlNjc5ZTU0MjQxOTI0MGI4NTJmYjQxNDQyMiIsInVzZXJfaWQiOjJ9.VcqXlgTJP5CVFTn6PxhlBdSUJr1utu4a1LlcmuMPp6o', '2022-09-29 01:57:10.139036', '2022-09-30 01:57:10.000000', 2, '7f7387e679e542419240b852fb414422'),
	(14, 'eyJ0eXAiOiJKV1QiLCJhbGciOiJIUzI1NiJ9.eyJ0b2tlbl90eXBlIjoicmVmcmVzaCIsImV4cCI6MTY2NDUwMzcyOSwiaWF0IjoxNjY0NDE3MzI5LCJqdGkiOiJkMTYyNWI3NzgyYzI0NWE5OTVlMWIwNzFmOGI0OTFmOCIsInVzZXJfaWQiOjR9.gdM77qZtToVAhhV02Bk0LovRhy7MO-S0FFZwP-WcAdo', '2022-09-29 02:08:49.526188', '2022-09-30 02:08:49.000000', 4, 'd1625b7782c245a995e1b071f8b491f8'),
	(15, 'eyJ0eXAiOiJKV1QiLCJhbGciOiJIUzI1NiJ9.eyJ0b2tlbl90eXBlIjoicmVmcmVzaCIsImV4cCI6MTY2NDUwMzc0NCwiaWF0IjoxNjY0NDE3MzQ0LCJqdGkiOiIzMDAwOGY5NTg1NWY0NDlhYTlhYjg4OWUyZjg5NDYzNiIsInVzZXJfaWQiOjR9.Rk9k2_CCcMaD1W4Fn0JUre6-tl4dwFXMLsJYuDX2oQE', '2022-09-29 02:09:04.825629', '2022-09-30 02:09:04.000000', 4, '30008f95855f449aa9ab889e2f894636'),
	(16, 'eyJ0eXAiOiJKV1QiLCJhbGciOiJIUzI1NiJ9.eyJ0b2tlbl90eXBlIjoicmVmcmVzaCIsImV4cCI6MTY2NDUwNDMwNSwiaWF0IjoxNjY0NDE3OTA1LCJqdGkiOiI0NzhjY2QwMDUxZWY0NjA3OWIyNGZlMjNlOGJjMzAxZSIsInVzZXJfaWQiOjJ9.2rb4dK_3R-oJ692bGxKuTIBkPQwxfcMxUNARkg4JoWY', '2022-09-29 02:18:25.236453', '2022-09-30 02:18:25.000000', 2, '478ccd0051ef46079b24fe23e8bc301e'),
	(17, 'eyJ0eXAiOiJKV1QiLCJhbGciOiJIUzI1NiJ9.eyJ0b2tlbl90eXBlIjoicmVmcmVzaCIsImV4cCI6MTY2NDUwNDYyNiwiaWF0IjoxNjY0NDE4MjI2LCJqdGkiOiI1Yjc0MDA0NWZkM2Y0NjllOTRiOWE5NTIwOTNhNWM2YSIsInVzZXJfaWQiOjN9.YgrhI-MqCp-Cxw6lLErwApwq2AbYKHHnhChNlxYOgaY', '2022-09-29 02:23:46.746795', '2022-09-30 02:23:46.000000', NULL, '5b740045fd3f469e94b9a952093a5c6a'),
	(18, 'eyJ0eXAiOiJKV1QiLCJhbGciOiJIUzI1NiJ9.eyJ0b2tlbl90eXBlIjoicmVmcmVzaCIsImV4cCI6MTY2NDUwOTc0MCwiaWF0IjoxNjY0NDIzMzQwLCJqdGkiOiI4YWExOWEyZjI3Yjk0OGVhOTgxMjgxYmQ1MzM0YzNiOCIsInVzZXJfaWQiOjN9.bCAaxoGVtT0aG70F28lNpnXwMSWRx6HTyciwRlvE2H0', '2022-09-29 03:49:00.709927', '2022-09-30 03:49:00.000000', NULL, '8aa19a2f27b948ea981281bd5334c3b8'),
	(19, 'eyJ0eXAiOiJKV1QiLCJhbGciOiJIUzI1NiJ9.eyJ0b2tlbl90eXBlIjoicmVmcmVzaCIsImV4cCI6MTY2NDUwOTgzMCwiaWF0IjoxNjY0NDIzNDMwLCJqdGkiOiI3YWZhMzNlYmUzZDE0OGYyYTU2Mzg4ZDhiNTgzODUyOCIsInVzZXJfaWQiOjF9.dR_yTRxX7_6RlvkQp1_9u7A-0Dgwvv2wBkeOvJYvBLY', '2022-09-29 03:50:30.860844', '2022-09-30 03:50:30.000000', 1, '7afa33ebe3d148f2a56388d8b5838528'),
	(20, 'eyJ0eXAiOiJKV1QiLCJhbGciOiJIUzI1NiJ9.eyJ0b2tlbl90eXBlIjoicmVmcmVzaCIsImV4cCI6MTY2NDUxMDY0NSwiaWF0IjoxNjY0NDI0MjQ1LCJqdGkiOiJiMmZkZmM3ZTI2NjY0YmE1YmQxMzNmMDJlNmE4M2JkNiIsInVzZXJfaWQiOjJ9.XwD6Zyc3DmI6zfe0YYQDNRjRba1YCR_vwZsGPqEOof4', '2022-09-29 04:04:05.227366', '2022-09-30 04:04:05.000000', 2, 'b2fdfc7e26664ba5bd133f02e6a83bd6'),
	(21, 'eyJ0eXAiOiJKV1QiLCJhbGciOiJIUzI1NiJ9.eyJ0b2tlbl90eXBlIjoicmVmcmVzaCIsImV4cCI6MTY2NDUxMTI1MywiaWF0IjoxNjY0NDI0ODUzLCJqdGkiOiI0MmY5Mzg3NmUxOWM0YTFmYTZmOTk3OTZiMGY4YjY2MCIsInVzZXJfaWQiOjJ9.FzS6r1AlY93QN8v8-aRNfqkr-_bYtlfHimkzecQHgEA', '2022-09-29 04:14:13.487031', '2022-09-30 04:14:13.000000', 2, '42f93876e19c4a1fa6f99796b0f8b660'),
	(22, 'eyJ0eXAiOiJKV1QiLCJhbGciOiJIUzI1NiJ9.eyJ0b2tlbl90eXBlIjoicmVmcmVzaCIsImV4cCI6MTY2NDUxMTMwNywiaWF0IjoxNjY0NDI0OTA3LCJqdGkiOiJiM2RhNjE2NjQ1MTA0Nzk3YmVlZjQ4NWNiOTljNWM1NyIsInVzZXJfaWQiOjN9.8GvMwtxUxMxfq6Pju6EISCdsRhUGSPhHd7S_7AwwVn4', '2022-09-29 04:15:07.778516', '2022-09-30 04:15:07.000000', NULL, 'b3da616645104797beef485cb99c5c57'),
	(23, 'eyJ0eXAiOiJKV1QiLCJhbGciOiJIUzI1NiJ9.eyJ0b2tlbl90eXBlIjoicmVmcmVzaCIsImV4cCI6MTY2NDUxMTM2MywiaWF0IjoxNjY0NDI0OTYzLCJqdGkiOiIxMDMxMGVjMTkwZWY0OGNjYjFlMmQyYTcxNjE5ZWIwMyIsInVzZXJfaWQiOjF9.XCtxhifiIXHX0VuxKcxtaLZ_Q6XRcEJvYU1t9TMvo4w', '2022-09-29 04:16:03.506633', '2022-09-30 04:16:03.000000', 1, '10310ec190ef48ccb1e2d2a71619eb03'),
	(24, 'eyJ0eXAiOiJKV1QiLCJhbGciOiJIUzI1NiJ9.eyJ0b2tlbl90eXBlIjoicmVmcmVzaCIsImV4cCI6MTY2NDUxMzA2MCwiaWF0IjoxNjY0NDI2NjYwLCJqdGkiOiIyMDI2YWE4NmZhMjg0ZjI2OGU4MWQ4Y2FmMWQ3MTU5MCIsInVzZXJfaWQiOjN9.lp1mLQydv8wF0QYiv5dsUGfVFvUtE597heqbXUPTOE8', '2022-09-29 04:44:20.888238', '2022-09-30 04:44:20.000000', NULL, '2026aa86fa284f268e81d8caf1d71590'),
	(25, 'eyJ0eXAiOiJKV1QiLCJhbGciOiJIUzI1NiJ9.eyJ0b2tlbl90eXBlIjoicmVmcmVzaCIsImV4cCI6MTY2NDUxMzU4NywiaWF0IjoxNjY0NDI3MTg3LCJqdGkiOiJhODAxY2IwNjIwNzE0NjE3YTdmZTBkYzU4MjA1ZGEzYyIsInVzZXJfaWQiOjJ9.dEOlmasQ5f8RgNcLQ2hGHlaDjzI96T2jWxuyW3X8_ls', '2022-09-29 04:53:07.472583', '2022-09-30 04:53:07.000000', 2, 'a801cb0620714617a7fe0dc58205da3c'),
	(26, 'eyJ0eXAiOiJKV1QiLCJhbGciOiJIUzI1NiJ9.eyJ0b2tlbl90eXBlIjoicmVmcmVzaCIsImV4cCI6MTY2NDUxMzY0OCwiaWF0IjoxNjY0NDI3MjQ4LCJqdGkiOiIwMjk5ZTU4MjM3ZDM0ZTVhYmU5MjE5N2Y4MjAyY2EzMyIsInVzZXJfaWQiOjN9.eEbmjBdPwdbx4LnaNSHbR2C8O9NLmKyiCMwmTSS6UG8', '2022-09-29 04:54:08.198352', '2022-09-30 04:54:08.000000', NULL, '0299e58237d34e5abe92197f8202ca33'),
	(27, 'eyJ0eXAiOiJKV1QiLCJhbGciOiJIUzI1NiJ9.eyJ0b2tlbl90eXBlIjoicmVmcmVzaCIsImV4cCI6MTY2NDUxNTI4MywiaWF0IjoxNjY0NDI4ODgzLCJqdGkiOiI5NWNjZTc1M2RmNzU0OWI5YTlhNTI5NGEyZmQzZjgzZiIsInVzZXJfaWQiOjR9.XmR_41-YM6H5Ut5y1DQ4I0HRYO51_V_TzGhNQkM2JvE', '2022-09-29 05:21:23.202512', '2022-09-30 05:21:23.000000', 4, '95cce753df7549b9a9a5294a2fd3f83f'),
	(28, 'eyJ0eXAiOiJKV1QiLCJhbGciOiJIUzI1NiJ9.eyJ0b2tlbl90eXBlIjoicmVmcmVzaCIsImV4cCI6MTY2NDUxNTk5MCwiaWF0IjoxNjY0NDI5NTkwLCJqdGkiOiJiNWY2MzZlYzhiMjk0NjgzOTE3ZDdlMDgxODg0OTJiYSIsInVzZXJfaWQiOjJ9.CpIrLXOHOsE68GqVuVZZY2rbO6bAgtQk0f86AHC3p_Q', '2022-09-29 05:33:10.776934', '2022-09-30 05:33:10.000000', 2, 'b5f636ec8b294683917d7e08188492ba'),
	(29, 'eyJ0eXAiOiJKV1QiLCJhbGciOiJIUzI1NiJ9.eyJ0b2tlbl90eXBlIjoicmVmcmVzaCIsImV4cCI6MTY2NDUxNjY5NywiaWF0IjoxNjY0NDMwMjk3LCJqdGkiOiIyMjBhMTRjNTI1NDM0M2Y0ODJiYjRiZjNjNTQyZmVjOSIsInVzZXJfaWQiOjJ9.0BVnxeEUl-i7oyYeGQpQCCRDmaE7Jsv1yIg5gtTbWsc', '2022-09-29 05:44:57.275509', '2022-09-30 05:44:57.000000', 2, '220a14c5254343f482bb4bf3c542fec9'),
	(30, 'eyJ0eXAiOiJKV1QiLCJhbGciOiJIUzI1NiJ9.eyJ0b2tlbl90eXBlIjoicmVmcmVzaCIsImV4cCI6MTY2NDUxNjcyMiwiaWF0IjoxNjY0NDMwMzIyLCJqdGkiOiJiYTlkMWYwZDhkMzI0N2Y3YWZkMDZhY2NhNDUwYzI3NCIsInVzZXJfaWQiOjN9.rNyBNJRy4JPlvnmPSN4edrW1vjkpHGBzfBfn-4atpYE', '2022-09-29 05:45:22.914841', '2022-09-30 05:45:22.000000', NULL, 'ba9d1f0d8d3247f7afd06acca450c274'),
	(31, 'eyJ0eXAiOiJKV1QiLCJhbGciOiJIUzI1NiJ9.eyJ0b2tlbl90eXBlIjoicmVmcmVzaCIsImV4cCI6MTY2NDUxODA5OCwiaWF0IjoxNjY0NDMxNjk4LCJqdGkiOiI5MjUxMjNiNmMwNjA0MmUzOTY0OTAyMjE5ZmM3YmMwNCIsInVzZXJfaWQiOjJ9.ZVr5mLdSbKKrfIExAs8TF_5lfsHKf2SRObHkPYEtBOc', '2022-09-29 06:08:18.351022', '2022-09-30 06:08:18.000000', 2, '925123b6c06042e3964902219fc7bc04'),
	(32, 'eyJ0eXAiOiJKV1QiLCJhbGciOiJIUzI1NiJ9.eyJ0b2tlbl90eXBlIjoicmVmcmVzaCIsImV4cCI6MTY2NDUxODU4MywiaWF0IjoxNjY0NDMyMTgzLCJqdGkiOiIzNTI1MGE0ZDg5MWM0NGJjOTkyNDExZGZkMTJhYTg4MyIsInVzZXJfaWQiOjJ9.Oc20B1S54vPoHcZPSBTzdVAxRhJXF1o7n8TR9aObI-Q', '2022-09-29 06:16:23.133534', '2022-09-30 06:16:23.000000', 2, '35250a4d891c44bc992411dfd12aa883'),
	(33, 'eyJ0eXAiOiJKV1QiLCJhbGciOiJIUzI1NiJ9.eyJ0b2tlbl90eXBlIjoicmVmcmVzaCIsImV4cCI6MTY2NDUxOTIyNSwiaWF0IjoxNjY0NDMyODI1LCJqdGkiOiJlYTc5ZmJkN2ZkNWE0NmQ3YTM2NzQ4YWM1YTA1MWJhNCIsInVzZXJfaWQiOjR9.6AgQNGpHIGi-BifmKqSxZ8x4tBXiwymNrdRO3puxehE', '2022-09-29 06:27:05.102602', '2022-09-30 06:27:05.000000', 4, 'ea79fbd7fd5a46d7a36748ac5a051ba4'),
	(34, 'eyJ0eXAiOiJKV1QiLCJhbGciOiJIUzI1NiJ9.eyJ0b2tlbl90eXBlIjoicmVmcmVzaCIsImV4cCI6MTY2NDUxOTY3NSwiaWF0IjoxNjY0NDMzMjc1LCJqdGkiOiJhNmY3MDNhODRhYWM0NWRmYmJkZGYxYWQ1ODdjYjA4NiIsInVzZXJfaWQiOjN9.DiGAUi5kGyYW0AZ24ghZp-2tFli6aTECHOZ51fpKecU', '2022-09-29 06:34:35.228313', '2022-09-30 06:34:35.000000', NULL, 'a6f703a84aac45dfbbddf1ad587cb086'),
	(35, 'eyJ0eXAiOiJKV1QiLCJhbGciOiJIUzI1NiJ9.eyJ0b2tlbl90eXBlIjoicmVmcmVzaCIsImV4cCI6MTY2NDUyMjUzOSwiaWF0IjoxNjY0NDM2MTM5LCJqdGkiOiJkMWRiODU2NzNmYjA0ZjE4OGVhM2ZhNzU4MjE1MmJkOSIsInVzZXJfaWQiOjJ9.kMn_O6Rh4Z2GVAHwrZ7SMYxeXUtT7ETRYJP6f5vaXyg', '2022-09-29 07:22:19.995012', '2022-09-30 07:22:19.000000', 2, 'd1db85673fb04f188ea3fa7582152bd9'),
	(36, 'eyJ0eXAiOiJKV1QiLCJhbGciOiJIUzI1NiJ9.eyJ0b2tlbl90eXBlIjoicmVmcmVzaCIsImV4cCI6MTY2NDUyMjc1MCwiaWF0IjoxNjY0NDM2MzUwLCJqdGkiOiJlN2MyMmNkMzQwNDM0ODk1Yjk5NTIyYWExYjcxYjU5YyIsInVzZXJfaWQiOjF9.pqziwlQFMXdKLydRQln8Mr8UOgRRoKn280ZuuxV6G_c', '2022-09-29 07:25:50.866505', '2022-09-30 07:25:50.000000', 1, 'e7c22cd340434895b99522aa1b71b59c'),
	(37, 'eyJ0eXAiOiJKV1QiLCJhbGciOiJIUzI1NiJ9.eyJ0b2tlbl90eXBlIjoicmVmcmVzaCIsImV4cCI6MTY2NDUyNDYwMCwiaWF0IjoxNjY0NDM4MjAwLCJqdGkiOiI5MDNmYjZjMTE4M2U0N2QyOWU4MGE0Njk4NDIxODQzMCIsInVzZXJfaWQiOjN9.JvQAqMiWmfbWqlVV-5Dp1MA-5ZB0EW8Hwao5AjNlVxg', '2022-09-29 07:56:40.317399', '2022-09-30 07:56:40.000000', NULL, '903fb6c1183e47d29e80a46984218430'),
	(38, 'eyJ0eXAiOiJKV1QiLCJhbGciOiJIUzI1NiJ9.eyJ0b2tlbl90eXBlIjoicmVmcmVzaCIsImV4cCI6MTY2NDUyNjQxNywiaWF0IjoxNjY0NDQwMDE3LCJqdGkiOiI3MTBiNjJjMTNiZDc0ZTZkYWM2ODQ2MTE1ZjljNDk2YiIsInVzZXJfaWQiOjN9.CB7bpoFNBfBh_q06B2Xmfo8XcAr_6ZGvTHcA79tmJZY', '2022-09-29 08:26:57.555867', '2022-09-30 08:26:57.000000', NULL, '710b62c13bd74e6dac6846115f9c496b'),
	(39, 'eyJ0eXAiOiJKV1QiLCJhbGciOiJIUzI1NiJ9.eyJ0b2tlbl90eXBlIjoicmVmcmVzaCIsImV4cCI6MTY2NDUyNzE0MywiaWF0IjoxNjY0NDQwNzQzLCJqdGkiOiI5NDcwODdjY2NlNWY0YTJjOGZhYWNmZWE3MzAwMDMzZSIsInVzZXJfaWQiOjF9.Pcj1zaBOyAgQob34eHIEvvVyJQnniAmjJpDMFklevD8', '2022-09-29 08:39:03.381000', '2022-09-30 08:39:03.000000', 1, '947087ccce5f4a2c8faacfea7300033e'),
	(40, 'eyJ0eXAiOiJKV1QiLCJhbGciOiJIUzI1NiJ9.eyJ0b2tlbl90eXBlIjoicmVmcmVzaCIsImV4cCI6MTY2NDUyNzQ5NCwiaWF0IjoxNjY0NDQxMDk0LCJqdGkiOiJkODdlNGY0NTA4Zjk0OGJhOWVkMjFiNDNlNWFmOGQ1NiIsInVzZXJfaWQiOjR9.em5c79zPGjxwbz4zissuvULD_dxWH0LTglekxlAOqMc', '2022-09-29 08:44:54.458081', '2022-09-30 08:44:54.000000', 4, 'd87e4f4508f948ba9ed21b43e5af8d56'),
	(41, 'eyJ0eXAiOiJKV1QiLCJhbGciOiJIUzI1NiJ9.eyJ0b2tlbl90eXBlIjoicmVmcmVzaCIsImV4cCI6MTY2NDUyODE1OCwiaWF0IjoxNjY0NDQxNzU4LCJqdGkiOiI2NjZlYTE2NmZjMjY0MmM5ODE3OWYwZDg2NjA4NzdjYSIsInVzZXJfaWQiOjF9.kLHd6uJ7JzUGE_8A5QdlvylVKF_0pfrnUnzOIbA9LQ0', '2022-09-29 08:55:58.602031', '2022-09-30 08:55:58.000000', 1, '666ea166fc2642c98179f0d8660877ca'),
	(42, 'eyJ0eXAiOiJKV1QiLCJhbGciOiJIUzI1NiJ9.eyJ0b2tlbl90eXBlIjoicmVmcmVzaCIsImV4cCI6MTY2NDU0NTU4MywiaWF0IjoxNjY0NDU5MTgzLCJqdGkiOiJhNGRkODk2NTBkYjI0MDBjOGVhZGFmYzlkNzU1Y2NjYSIsInVzZXJfaWQiOjF9.2ge7o1aPHhUeUGm2zxuSthiydh45yFoR8nUg5aYxh_Q', '2022-09-29 13:46:23.835475', '2022-09-30 13:46:23.000000', 1, 'a4dd89650db2400c8eadafc9d755ccca'),
	(43, 'eyJ0eXAiOiJKV1QiLCJhbGciOiJIUzI1NiJ9.eyJ0b2tlbl90eXBlIjoicmVmcmVzaCIsImV4cCI6MTY2NDU1NTA1NCwiaWF0IjoxNjY0NDY4NjU0LCJqdGkiOiI3ODNiOTcwZDk4ZTg0ZTVhYTczNjI2NjNkMzQ4OWQzYSIsInVzZXJfaWQiOjF9.cI2p6R09YzKxzCHMuzSR3h1RZ9QXG9SZPbr5nNaPbZ0', '2022-09-29 16:24:14.625826', '2022-09-30 16:24:14.000000', 1, '783b970d98e84e5aa7362663d3489d3a'),
	(44, 'eyJ0eXAiOiJKV1QiLCJhbGciOiJIUzI1NiJ9.eyJ0b2tlbl90eXBlIjoicmVmcmVzaCIsImV4cCI6MTY2NDU4NTU1MCwiaWF0IjoxNjY0NDk5MTUwLCJqdGkiOiJkN2M4MDc3MDU0YmQ0Y2I4YWJiZmUwMzk4NTQ2MDRmYyIsInVzZXJfaWQiOjF9.JHN4oguRZWBBlKzTlkuqYWrrR42DkoyDiLB_Q0FQAE8', '2022-09-30 00:52:30.253325', '2022-10-01 00:52:30.000000', 1, 'd7c8077054bd4cb8abbfe039854604fc'),
	(45, 'eyJ0eXAiOiJKV1QiLCJhbGciOiJIUzI1NiJ9.eyJ0b2tlbl90eXBlIjoicmVmcmVzaCIsImV4cCI6MTY2NDU4NTYxOSwiaWF0IjoxNjY0NDk5MjE5LCJqdGkiOiIxYzM5Yjg1MzJlNTk0MTNkYTdmNTBmNTUxNmMyYjA2OCIsInVzZXJfaWQiOjV9.7mvTQJVpTXGDfoX8HtGE7p0yWR7Bhf-Cnu2lgZJ5kjI', '2022-09-30 00:53:39.474731', '2022-10-01 00:53:39.000000', 5, '1c39b8532e59413da7f50f5516c2b068'),
	(46, 'eyJ0eXAiOiJKV1QiLCJhbGciOiJIUzI1NiJ9.eyJ0b2tlbl90eXBlIjoicmVmcmVzaCIsImV4cCI6MTY2NDU4NTYyNSwiaWF0IjoxNjY0NDk5MjI1LCJqdGkiOiJkYTAzZTIwMGQ1ZmU0N2UyYTE2M2IyZjI3M2IyMzc0MiIsInVzZXJfaWQiOjV9.LDUgvN4qFgW-tzYHuN3z7jtjvsYb49Qj_4yHVHCl-Kg', '2022-09-30 00:53:45.756271', '2022-10-01 00:53:45.000000', 5, 'da03e200d5fe47e2a163b2f273b23742'),
	(47, 'eyJ0eXAiOiJKV1QiLCJhbGciOiJIUzI1NiJ9.eyJ0b2tlbl90eXBlIjoicmVmcmVzaCIsImV4cCI6MTY2NDU4NjIwMCwiaWF0IjoxNjY0NDk5ODAwLCJqdGkiOiJkOWMzNmI0YmFmZWE0MTUwYjY4MzhmMTRiNDVlM2NiNyIsInVzZXJfaWQiOjN9.5-_c006OPjg26sAk5bROzaqZAsV6xtjOUTC8leRhutk', '2022-09-30 01:03:20.686996', '2022-10-01 01:03:20.000000', NULL, 'd9c36b4bafea4150b6838f14b45e3cb7'),
	(48, 'eyJ0eXAiOiJKV1QiLCJhbGciOiJIUzI1NiJ9.eyJ0b2tlbl90eXBlIjoicmVmcmVzaCIsImV4cCI6MTY2NDU4NzAyMSwiaWF0IjoxNjY0NTAwNjIxLCJqdGkiOiIzMGIyNWE1OGI2Yzg0NjI1YjUwMjVmMmM5NjA0NGZkNyIsInVzZXJfaWQiOjN9.zsKtRhDq4kDSfzMMxs1XNksKCFlipiU6HRSzk-5Y06A', '2022-09-30 01:17:01.973853', '2022-10-01 01:17:01.000000', NULL, '30b25a58b6c84625b5025f2c96044fd7'),
	(49, 'eyJ0eXAiOiJKV1QiLCJhbGciOiJIUzI1NiJ9.eyJ0b2tlbl90eXBlIjoicmVmcmVzaCIsImV4cCI6MTY2NDU4NzE4NSwiaWF0IjoxNjY0NTAwNzg1LCJqdGkiOiIxNTU2YTQ5MjliYWE0YjkzOGUxOGM5NTA0N2RkMjMyMSIsInVzZXJfaWQiOjN9.Kfl8d13ZI-sSjfc32HLKUhuBTXAAev2hiEQjcxkcQtg', '2022-09-30 01:19:45.321781', '2022-10-01 01:19:45.000000', NULL, '1556a4929baa4b938e18c95047dd2321'),
	(50, 'eyJ0eXAiOiJKV1QiLCJhbGciOiJIUzI1NiJ9.eyJ0b2tlbl90eXBlIjoicmVmcmVzaCIsImV4cCI6MTY2NDU4NzM3OCwiaWF0IjoxNjY0NTAwOTc4LCJqdGkiOiI1OTBiODAyYmQzMTA0ZDMxODU0MDFiODJhZDcwMjMyYyIsInVzZXJfaWQiOjF9.1UAvAW1_bTqNyLhFwo-ZRk3sytbN7xSQFUef-IFhI6c', '2022-09-30 01:22:58.703629', '2022-10-01 01:22:58.000000', 1, '590b802bd3104d3185401b82ad70232c'),
	(51, 'eyJ0eXAiOiJKV1QiLCJhbGciOiJIUzI1NiJ9.eyJ0b2tlbl90eXBlIjoicmVmcmVzaCIsImV4cCI6MTY2NDU4OTUyMSwiaWF0IjoxNjY0NTAzMTIxLCJqdGkiOiIxMzM1NTA4OTBlOTU0MWE0ODFlNDhmMDc1MmJlNjIxMiIsInVzZXJfaWQiOjF9.BNBYC6KFZRhBW9qcFQ3GQMnMMvOp1R9RenX7x5D7lc8', '2022-09-30 01:58:41.325171', '2022-10-01 01:58:41.000000', 1, '133550890e9541a481e48f0752be6212'),
	(52, 'eyJ0eXAiOiJKV1QiLCJhbGciOiJIUzI1NiJ9.eyJ0b2tlbl90eXBlIjoicmVmcmVzaCIsImV4cCI6MTY2NDU4OTkyNCwiaWF0IjoxNjY0NTAzNTI0LCJqdGkiOiI5ZWUzYzI5OTE2Nzg0ZTdjOTc5ZjI0OWI0N2RjMjMxOCIsInVzZXJfaWQiOjJ9.L8CWq-sZls2C9YJfoR_NDd0dO9fRhLYk_jsu4Kl7sVg', '2022-09-30 02:05:24.613105', '2022-10-01 02:05:24.000000', 2, '9ee3c29916784e7c979f249b47dc2318'),
	(53, 'eyJ0eXAiOiJKV1QiLCJhbGciOiJIUzI1NiJ9.eyJ0b2tlbl90eXBlIjoicmVmcmVzaCIsImV4cCI6MTY2NDU5MDEzMCwiaWF0IjoxNjY0NTAzNzMwLCJqdGkiOiI5MjAyNjZmZGYyNmU0Y2M3YmUzZjY2YWI2ZmIxYjVkNSIsInVzZXJfaWQiOjJ9.F6vCtRnV2gay_StukjBRNUacgNQHwXNwPUht4IBzMSk', '2022-09-30 02:08:50.332232', '2022-10-01 02:08:50.000000', 2, '920266fdf26e4cc7be3f66ab6fb1b5d5'),
	(54, 'eyJ0eXAiOiJKV1QiLCJhbGciOiJIUzI1NiJ9.eyJ0b2tlbl90eXBlIjoicmVmcmVzaCIsImV4cCI6MTY2NDU5MDk0MywiaWF0IjoxNjY0NTA0NTQzLCJqdGkiOiJlMTAxMWQ1NjdjYzQ0M2MxYTY3OGE3ZTgwY2Q0ZDc3MCIsInVzZXJfaWQiOjN9.26pFwKiBF8ZXbbIY1NgVx5aEarjpYMZa1EyTfLrPWjQ', '2022-09-30 02:22:23.283300', '2022-10-01 02:22:23.000000', NULL, 'e1011d567cc443c1a678a7e80cd4d770'),
	(55, 'eyJ0eXAiOiJKV1QiLCJhbGciOiJIUzI1NiJ9.eyJ0b2tlbl90eXBlIjoicmVmcmVzaCIsImV4cCI6MTY2NDU5MTMxNywiaWF0IjoxNjY0NTA0OTE3LCJqdGkiOiJlYmJlYWUxN2IyZmM0YmMzOTcxNTM0NTkyOGY4MTc5NCIsInVzZXJfaWQiOjV9.pN3T5lGl2aYx4uLWzvG7du9V9z5oywxqheDVjqyi6fg', '2022-09-30 02:28:37.243743', '2022-10-01 02:28:37.000000', 5, 'ebbeae17b2fc4bc39715345928f81794'),
	(56, 'eyJ0eXAiOiJKV1QiLCJhbGciOiJIUzI1NiJ9.eyJ0b2tlbl90eXBlIjoicmVmcmVzaCIsImV4cCI6MTY2NDU5MTUzNCwiaWF0IjoxNjY0NTA1MTM0LCJqdGkiOiJmNWY1MzMwNTEzYzU0YTEzOTk0YzRkZDZmYTVhMDE5NCIsInVzZXJfaWQiOjR9.cLwD6maKU_WNMrR8wIAXBc_0MUxhqpmSzEu4wUC-ig0', '2022-09-30 02:32:14.566457', '2022-10-01 02:32:14.000000', 4, 'f5f5330513c54a13994c4dd6fa5a0194'),
	(57, 'eyJ0eXAiOiJKV1QiLCJhbGciOiJIUzI1NiJ9.eyJ0b2tlbl90eXBlIjoicmVmcmVzaCIsImV4cCI6MTY2NDU5MTkyNiwiaWF0IjoxNjY0NTA1NTI2LCJqdGkiOiI0NGY5OWI4YjhkN2M0ZTkwOGM2ZjczNjNlMGIxM2ZkOSIsInVzZXJfaWQiOjV9.mI_SAK3wMPfbhOqHyynVNQwMFk-pqci-KXrvurgq-W4', '2022-09-30 02:38:46.187263', '2022-10-01 02:38:46.000000', 5, '44f99b8b8d7c4e908c6f7363e0b13fd9'),
	(58, 'eyJ0eXAiOiJKV1QiLCJhbGciOiJIUzI1NiJ9.eyJ0b2tlbl90eXBlIjoicmVmcmVzaCIsImV4cCI6MTY2NDU5MjE3MCwiaWF0IjoxNjY0NTA1NzcwLCJqdGkiOiIzOTczYTE5ZDc1Zjg0NzM1YWY2OWMzNGNiZWU5N2ZmNyIsInVzZXJfaWQiOjV9.qfUmSzo9T44q83L7axXDqyjMjjWIM4cr3hgFFr_5ekw', '2022-09-30 02:42:50.807048', '2022-10-01 02:42:50.000000', 5, '3973a19d75f84735af69c34cbee97ff7'),
	(59, 'eyJ0eXAiOiJKV1QiLCJhbGciOiJIUzI1NiJ9.eyJ0b2tlbl90eXBlIjoicmVmcmVzaCIsImV4cCI6MTY2NDYwMTA1OSwiaWF0IjoxNjY0NTE0NjU5LCJqdGkiOiJiOWJmOWQzOTRkYTU0OWUyYjAxZTg4OGRkM2VkYjgyNSIsInVzZXJfaWQiOjZ9.dMl85qjLdECZx7U2IKo8KrrluM19KKvzPnHEwq5Ib9k', '2022-09-30 05:10:59.779711', '2022-10-01 05:10:59.000000', 6, 'b9bf9d394da549e2b01e888dd3edb825'),
	(60, 'eyJ0eXAiOiJKV1QiLCJhbGciOiJIUzI1NiJ9.eyJ0b2tlbl90eXBlIjoicmVmcmVzaCIsImV4cCI6MTY2NDYwMTA2NSwiaWF0IjoxNjY0NTE0NjY1LCJqdGkiOiI4MjY2YzEzZjUxZWM0Zjc4YTRhNWQ1YzRmNTNlOTEwOCIsInVzZXJfaWQiOjZ9.qKLp2NTb0tMUmmFwWzuwMswByClqercs2f6cSLFM78k', '2022-09-30 05:11:05.428272', '2022-10-01 05:11:05.000000', 6, '8266c13f51ec4f78a4a5d5c4f53e9108'),
	(61, 'eyJ0eXAiOiJKV1QiLCJhbGciOiJIUzI1NiJ9.eyJ0b2tlbl90eXBlIjoicmVmcmVzaCIsImV4cCI6MTY2NDYwMTMxNiwiaWF0IjoxNjY0NTE0OTE2LCJqdGkiOiIyNDFjYWJlMzVjYWY0MjMzYTc0ZDc0MTkxYzlhZDdhMCIsInVzZXJfaWQiOjR9.iXwcKTV3k5_3BJS9RFBQYlFKbZktM776N8Tsqr_ZAr4', '2022-09-30 05:15:16.206014', '2022-10-01 05:15:16.000000', 4, '241cabe35caf4233a74d74191c9ad7a0'),
	(62, 'eyJ0eXAiOiJKV1QiLCJhbGciOiJIUzI1NiJ9.eyJ0b2tlbl90eXBlIjoicmVmcmVzaCIsImV4cCI6MTY2NDYwMTk4NywiaWF0IjoxNjY0NTE1NTg3LCJqdGkiOiJmMTdkYjdlNjUwZGM0ZjNmODdkM2MzMTliOWUxOTAyZiIsInVzZXJfaWQiOjJ9.9mIcR_5JfwEQ3gGbbFHrw7MHmLupjSFO7b6m1S49Ym8', '2022-09-30 05:26:27.076521', '2022-10-01 05:26:27.000000', 2, 'f17db7e650dc4f3f87d3c319b9e1902f'),
	(63, 'eyJ0eXAiOiJKV1QiLCJhbGciOiJIUzI1NiJ9.eyJ0b2tlbl90eXBlIjoicmVmcmVzaCIsImV4cCI6MTY2NDYwNzM2MSwiaWF0IjoxNjY0NTIwOTYxLCJqdGkiOiJhYjhkYWRkYzYwODY0YTc2ODM1YzgzZTJhZTQwZTY4NSIsInVzZXJfaWQiOjF9.oqcV0EPPR-VkW3UCUsEYJVc7GNPJPUQkNx-0ykD8uD0', '2022-09-30 06:56:01.116647', '2022-10-01 06:56:01.000000', 1, 'ab8daddc60864a76835c83e2ae40e685'),
	(64, 'eyJ0eXAiOiJKV1QiLCJhbGciOiJIUzI1NiJ9.eyJ0b2tlbl90eXBlIjoicmVmcmVzaCIsImV4cCI6MTY2NDYwODI0MiwiaWF0IjoxNjY0NTIxODQyLCJqdGkiOiJkZWFmZjM4NzlmZTU0OTRjOTE2NmQzYjBjOWNlZTg3MSIsInVzZXJfaWQiOjF9.ZydPFXF1DfbrOOfbuJE3ZSwHv4zWHvg2h7QzQWIGWDY', '2022-09-30 07:10:42.688733', '2022-10-01 07:10:42.000000', 1, 'deaff3879fe5494c9166d3b0c9cee871'),
	(65, 'eyJ0eXAiOiJKV1QiLCJhbGciOiJIUzI1NiJ9.eyJ0b2tlbl90eXBlIjoicmVmcmVzaCIsImV4cCI6MTY2NDYwODU4MiwiaWF0IjoxNjY0NTIyMTgyLCJqdGkiOiI5MWMyMDY0NWM1YzQ0OTIyOTlkNDAxNTgwZjRlOGZlYiIsInVzZXJfaWQiOjJ9.gzrlUOtbgItnJIryn0dVkJdSvWAQKcEZ0mABk33AIRI', '2022-09-30 07:16:22.304539', '2022-10-01 07:16:22.000000', 2, '91c20645c5c4492299d401580f4e8feb'),
	(66, 'eyJ0eXAiOiJKV1QiLCJhbGciOiJIUzI1NiJ9.eyJ0b2tlbl90eXBlIjoicmVmcmVzaCIsImV4cCI6MTY2NDYwOTc4MywiaWF0IjoxNjY0NTIzMzgzLCJqdGkiOiIxZmRmYjgxYTNkY2E0ODkzODU0YzdjOWYyZTIyNWExYiIsInVzZXJfaWQiOjF9.ud8wOPKHlp1rxxKmb3q95uyrzcgXDlkezI2M1WkqrFo', '2022-09-30 07:36:23.566261', '2022-10-01 07:36:23.000000', 1, '1fdfb81a3dca4893854c7c9f2e225a1b'),
	(67, 'eyJ0eXAiOiJKV1QiLCJhbGciOiJIUzI1NiJ9.eyJ0b2tlbl90eXBlIjoicmVmcmVzaCIsImV4cCI6MTY2NDYxNDAyMCwiaWF0IjoxNjY0NTI3NjIwLCJqdGkiOiJkYmI5YmRlMTg3YjA0ODYzODYwNGIyZjczZmNiNmY3ZCIsInVzZXJfaWQiOjN9.tZoluHOgaZKU4ob_KXFV-eYjsyiP-Imy9ZdpyydSwWA', '2022-09-30 08:47:00.432518', '2022-10-01 08:47:00.000000', NULL, 'dbb9bde187b048638604b2f73fcb6f7d'),
	(68, 'eyJ0eXAiOiJKV1QiLCJhbGciOiJIUzI1NiJ9.eyJ0b2tlbl90eXBlIjoicmVmcmVzaCIsImV4cCI6MTY2NDYxNDM5NCwiaWF0IjoxNjY0NTI3OTk0LCJqdGkiOiJkMjAxM2VjODc2Njg0NDNmYmRkODRiOTk5NTkxMzFhZCIsInVzZXJfaWQiOjN9.YQ_ap4r2scsLwkxHY7Pi8k9mqVSk8UDBS7Q5vbQJ9RQ', '2022-09-30 08:53:14.099908', '2022-10-01 08:53:14.000000', NULL, 'd2013ec87668443fbdd84b99959131ad'),
	(69, 'eyJ0eXAiOiJKV1QiLCJhbGciOiJIUzI1NiJ9.eyJ0b2tlbl90eXBlIjoicmVmcmVzaCIsImV4cCI6MTY2NDYxODg0NywiaWF0IjoxNjY0NTMyNDQ3LCJqdGkiOiJlYjg2OTAyNmJkZjU0YmFmOWQwODc1MzNlZDYyYTNiMCIsInVzZXJfaWQiOjF9.hzjXZj3I6iwsaS90do-s9l5x6YeQE9O2ywqrhhLY3cA', '2022-09-30 10:07:27.013444', '2022-10-01 10:07:27.000000', 1, 'eb869026bdf54baf9d087533ed62a3b0'),
	(70, 'eyJ0eXAiOiJKV1QiLCJhbGciOiJIUzI1NiJ9.eyJ0b2tlbl90eXBlIjoicmVmcmVzaCIsImV4cCI6MTY2NDYxOTA3MiwiaWF0IjoxNjY0NTMyNjcyLCJqdGkiOiI0N2YzMmNmMzY3ZjY0ZTI0YWI1ZGQyMGUzYWI5ZTVkOCIsInVzZXJfaWQiOjF9.3yfFr_KvZvM2OopS1UyTLjUb16DL_nE_E9hrhWAoags', '2022-09-30 10:11:12.411393', '2022-10-01 10:11:12.000000', 1, '47f32cf367f64e24ab5dd20e3ab9e5d8'),
	(71, 'eyJ0eXAiOiJKV1QiLCJhbGciOiJIUzI1NiJ9.eyJ0b2tlbl90eXBlIjoicmVmcmVzaCIsImV4cCI6MTY2NDYyNzYxOSwiaWF0IjoxNjY0NTQxMjE5LCJqdGkiOiIxNGYyNzUzNjVjYzI0ZjM4YWQ1ZTFmZTU3Y2ExZGM0NyIsInVzZXJfaWQiOjF9.dopNeGf4BuzB-eguRVCWPU9N7FwvqzZh_FMEb7ccgKE', '2022-09-30 12:33:39.576647', '2022-10-01 12:33:39.000000', 1, '14f275365cc24f38ad5e1fe57ca1dc47'),
	(72, 'eyJ0eXAiOiJKV1QiLCJhbGciOiJIUzI1NiJ9.eyJ0b2tlbl90eXBlIjoicmVmcmVzaCIsImV4cCI6MTY2NDYyOTEyNywiaWF0IjoxNjY0NTQyNzI3LCJqdGkiOiI5YzhmZDNlZjk2ZGI0YWJjOTgzZGI0N2ZmYjljOThkZSIsInVzZXJfaWQiOjF9.cNYBODcgCWBHHIWOJ417wm47TVXyz_8EDVvgU-7ciJs', '2022-09-30 12:58:47.868549', '2022-10-01 12:58:47.000000', 1, '9c8fd3ef96db4abc983db47ffb9c98de'),
	(73, 'eyJ0eXAiOiJKV1QiLCJhbGciOiJIUzI1NiJ9.eyJ0b2tlbl90eXBlIjoicmVmcmVzaCIsImV4cCI6MTY2NDYyOTkzNywiaWF0IjoxNjY0NTQzNTM3LCJqdGkiOiI1MmZkOGJlZWM5MTQ0MThjYjU1ZTRjOGE2NjE4MzZmYiIsInVzZXJfaWQiOjd9.16HrN9V5gmuNBVMo2vI8kWfifTDYbuy1bYF92Ey2Pq0', '2022-09-30 13:12:17.958355', '2022-10-01 13:12:17.000000', 7, '52fd8beec914418cb55e4c8a661836fb'),
	(74, 'eyJ0eXAiOiJKV1QiLCJhbGciOiJIUzI1NiJ9.eyJ0b2tlbl90eXBlIjoicmVmcmVzaCIsImV4cCI6MTY2NDYzMjQwOSwiaWF0IjoxNjY0NTQ2MDA5LCJqdGkiOiIxYzgzMDVkODAxODM0N2Q4YjdkZGI1NWM5M2FjNGE5YiIsInVzZXJfaWQiOjF9.VYY2Vu2gMQ1dzBQmbzigl9Mqt-xeATrksHeNEk9-eNo', '2022-09-30 13:53:29.149078', '2022-10-01 13:53:29.000000', 1, '1c8305d8018347d8b7ddb55c93ac4a9b'),
	(75, 'eyJ0eXAiOiJKV1QiLCJhbGciOiJIUzI1NiJ9.eyJ0b2tlbl90eXBlIjoicmVmcmVzaCIsImV4cCI6MTY2NDYzNzcwMCwiaWF0IjoxNjY0NTUxMzAwLCJqdGkiOiI2ZmMxYmQyN2Y0NzA0Zjg2OTE0OWZhN2E4N2JhZDUzYyIsInVzZXJfaWQiOjh9.D0Ol1OD_3gIbkE79W3GECnedKyJtIVLJ90rH6mYzo3s', '2022-09-30 15:21:40.620893', '2022-10-01 15:21:40.000000', 8, '6fc1bd27f4704f869149fa7a87bad53c'),
	(76, 'eyJ0eXAiOiJKV1QiLCJhbGciOiJIUzI1NiJ9.eyJ0b2tlbl90eXBlIjoicmVmcmVzaCIsImV4cCI6MTY2NDYzNzc0MiwiaWF0IjoxNjY0NTUxMzQyLCJqdGkiOiJkNmFlMjFkNjI2ZTI0MTc5YjdlOTM2NDJlMGE0Yzc4MiIsInVzZXJfaWQiOjF9.FuMAiupISq2FBdVkeE1vlo-mkGdHPFVAfbqfkd_7o1Y', '2022-09-30 15:22:22.664240', '2022-10-01 15:22:22.000000', 1, 'd6ae21d626e24179b7e93642e0a4c782'),
	(77, 'eyJ0eXAiOiJKV1QiLCJhbGciOiJIUzI1NiJ9.eyJ0b2tlbl90eXBlIjoicmVmcmVzaCIsImV4cCI6MTY2NDYzODAwNiwiaWF0IjoxNjY0NTUxNjA2LCJqdGkiOiIyYjQ1NjU4ZWE2ODE0N2FhYTYwN2UyOTY3NDM3Yjk3YyIsInVzZXJfaWQiOjJ9.4ryXVZNVKOvSznH9LrapHSgU6KCjpFJxnSC9-a9HtEg', '2022-09-30 15:26:46.600438', '2022-10-01 15:26:46.000000', 2, '2b45658ea68147aaa607e2967437b97c'),
	(78, 'eyJ0eXAiOiJKV1QiLCJhbGciOiJIUzI1NiJ9.eyJ0b2tlbl90eXBlIjoicmVmcmVzaCIsImV4cCI6MTY2NDYzODU3OCwiaWF0IjoxNjY0NTUyMTc4LCJqdGkiOiJkNTY3NTczMDRkYTk0NmUyODQ3Y2FmYWZiMGZkZDAyMiIsInVzZXJfaWQiOjF9.f41r9OoL-Bj-RqlHrbSiHbqvfMOywo8aCEkgc4qlLDM', '2022-09-30 15:36:18.352749', '2022-10-01 15:36:18.000000', 1, 'd56757304da946e2847cafafb0fdd022'),
	(79, 'eyJ0eXAiOiJKV1QiLCJhbGciOiJIUzI1NiJ9.eyJ0b2tlbl90eXBlIjoicmVmcmVzaCIsImV4cCI6MTY2NDYzOTczNiwiaWF0IjoxNjY0NTUzMzM2LCJqdGkiOiJmMmUwNWU3NjViMWQ0YmIxOTAwYzdiNzc2NTZhZGI5YyIsInVzZXJfaWQiOjF9.EBhz-YdGVi8_BBzeYHpag9GILdPa-b7YUj3tC5evUmE', '2022-09-30 15:55:36.061006', '2022-10-01 15:55:36.000000', 1, 'f2e05e765b1d4bb1900c7b77656adb9c'),
	(80, 'eyJ0eXAiOiJKV1QiLCJhbGciOiJIUzI1NiJ9.eyJ0b2tlbl90eXBlIjoicmVmcmVzaCIsImV4cCI6MTY2NDY0MDYwMCwiaWF0IjoxNjY0NTU0MjAwLCJqdGkiOiI5ZGM1NDFmNzcyMjE0ZWU0OTUxZmY2MGQ3NTgxNWFkZCIsInVzZXJfaWQiOjl9.IHgf0umolblOj0PqjBre4TGk2l-K6QqdinOwhWhBE20', '2022-09-30 16:10:00.551146', '2022-10-01 16:10:00.000000', 9, '9dc541f772214ee4951ff60d75815add'),
	(81, 'eyJ0eXAiOiJKV1QiLCJhbGciOiJIUzI1NiJ9.eyJ0b2tlbl90eXBlIjoicmVmcmVzaCIsImV4cCI6MTY2NDY0MDYwNiwiaWF0IjoxNjY0NTU0MjA2LCJqdGkiOiI0YWEyNmVhOTYwNGQ0ODcyYjE0MzdkNTVjNjY1MmFhNSIsInVzZXJfaWQiOjl9.mVI8K0cVfXRvrHC8x3Jvh0FMTps14P-t1AEPFR3XCoQ', '2022-09-30 16:10:06.693057', '2022-10-01 16:10:06.000000', 9, '4aa26ea9604d4872b1437d55c6652aa5'),
	(82, 'eyJ0eXAiOiJKV1QiLCJhbGciOiJIUzI1NiJ9.eyJ0b2tlbl90eXBlIjoicmVmcmVzaCIsImV4cCI6MTY2NDY0NTE3NCwiaWF0IjoxNjY0NTU4Nzc0LCJqdGkiOiI1NjI4MjZiMGJjN2E0YzM4OGIwNmExYzU1ZDI3MDRiZiIsInVzZXJfaWQiOjJ9._GzhJUEit68xZuFurWIFrisRIcXitpje3E9XPCR-XGU', '2022-09-30 17:26:14.885108', '2022-10-01 17:26:14.000000', 2, '562826b0bc7a4c388b06a1c55d2704bf'),
	(83, 'eyJ0eXAiOiJKV1QiLCJhbGciOiJIUzI1NiJ9.eyJ0b2tlbl90eXBlIjoicmVmcmVzaCIsImV4cCI6MTY2NDY0ODIzOSwiaWF0IjoxNjY0NTYxODM5LCJqdGkiOiI3MmFlNzIxM2U5NGY0N2JkYTI4MjUzZTFjM2FiZmJhNCIsInVzZXJfaWQiOjJ9.YWGgXK9eVVrwnOLsZHc8mcmMpDB7QBIvfJFfpffCB2Y', '2022-09-30 18:17:19.464344', '2022-10-01 18:17:19.000000', 2, '72ae7213e94f47bda28253e1c3abfba4'),
	(84, 'eyJ0eXAiOiJKV1QiLCJhbGciOiJIUzI1NiJ9.eyJ0b2tlbl90eXBlIjoicmVmcmVzaCIsImV4cCI6MTY2NDY1MjE2MywiaWF0IjoxNjY0NTY1NzYzLCJqdGkiOiIxNTBmNGEzZDkxMjk0ODA1YjUwNTBiYzU1NjExMDM5ZiIsInVzZXJfaWQiOjJ9.ASA8BWv6WOhK8CnkXnN8ck1QCynJmbr7Vw5zzPlN6_0', '2022-09-30 19:22:43.344047', '2022-10-01 19:22:43.000000', 2, '150f4a3d91294805b5050bc55611039f'),
	(85, 'eyJ0eXAiOiJKV1QiLCJhbGciOiJIUzI1NiJ9.eyJ0b2tlbl90eXBlIjoicmVmcmVzaCIsImV4cCI6MTY2NDY1MjgyOCwiaWF0IjoxNjY0NTY2NDI4LCJqdGkiOiJhOTFjNjFkNDA4MTI0MjU4ODViZmZlYzI3ZTdhZGM2OCIsInVzZXJfaWQiOjJ9.pd1-q7-A1U7G4cq1dE3Qw1GelYeyzd-pTO3YoMn7B-k', '2022-09-30 19:33:48.231839', '2022-10-01 19:33:48.000000', 2, 'a91c61d40812425885bffec27e7adc68'),
	(86, 'eyJ0eXAiOiJKV1QiLCJhbGciOiJIUzI1NiJ9.eyJ0b2tlbl90eXBlIjoicmVmcmVzaCIsImV4cCI6MTY2NDY2Njc3NywiaWF0IjoxNjY0NTgwMzc3LCJqdGkiOiIxZTgxNTBiNjUzYmU0YzRmOTUwNjhmMzNkNGJjNGZkNSIsInVzZXJfaWQiOjJ9.7Hg7OlxeEh7GYQKVBpAJwRuap62Wr3Hppdf_9xkpKt0', '2022-09-30 23:26:17.803543', '2022-10-01 23:26:17.000000', 2, '1e8150b653be4c4f95068f33d4bc4fd5'),
	(87, 'eyJ0eXAiOiJKV1QiLCJhbGciOiJIUzI1NiJ9.eyJ0b2tlbl90eXBlIjoicmVmcmVzaCIsImV4cCI6MTY2NDY4ODg1NCwiaWF0IjoxNjY0NjAyNDU0LCJqdGkiOiJiZWFlYzE3ZjE2YTM0NmNjYTNmYjMxOTAwMmYzYjU1NCIsInVzZXJfaWQiOjJ9.ZTuABf8M7jPTwZOFMiTs0XGw2S3xNi9UJl9fOgSyLg0', '2022-10-01 05:34:14.889439', '2022-10-02 05:34:14.000000', 2, 'beaec17f16a346cca3fb319002f3b554'),
	(88, 'eyJ0eXAiOiJKV1QiLCJhbGciOiJIUzI1NiJ9.eyJ0b2tlbl90eXBlIjoicmVmcmVzaCIsImV4cCI6MTY2NDY5OTExMiwiaWF0IjoxNjY0NjEyNzEyLCJqdGkiOiJjZjE0MmEzNDVkZGI0MWJlODlhYTliMTk1MGIwOTNkZiIsInVzZXJfaWQiOjF9.ioR7-ZxG6EFOWEltkNQG1Cd89YKiBdySZ8A2F0AVUuY', '2022-10-01 08:25:12.751182', '2022-10-02 08:25:12.000000', 1, 'cf142a345ddb41be89aa9b1950b093df'),
	(89, 'eyJ0eXAiOiJKV1QiLCJhbGciOiJIUzI1NiJ9.eyJ0b2tlbl90eXBlIjoicmVmcmVzaCIsImV4cCI6MTY2NDcxNzc4MiwiaWF0IjoxNjY0NjMxMzgyLCJqdGkiOiJhYjc4MTJiNTk2MDY0MTA5ODgyYjFlMTdjYWJkZjMxNiIsInVzZXJfaWQiOjV9.4qY5uHLANaklp0wLRUFGdSEnvXYjWDQVwWSsdhyJxg0', '2022-10-01 13:36:22.722486', '2022-10-02 13:36:22.000000', 5, 'ab7812b596064109882b1e17cabdf316'),
	(90, 'eyJ0eXAiOiJKV1QiLCJhbGciOiJIUzI1NiJ9.eyJ0b2tlbl90eXBlIjoicmVmcmVzaCIsImV4cCI6MTY2NDcyMDk1NiwiaWF0IjoxNjY0NjM0NTU2LCJqdGkiOiI4Nzc1MWYzNmRhMTM0YWYyYTQzZGZmZjUzNWMyNTFiMiIsInVzZXJfaWQiOjN9.vNAoDe4RjXM1o5G-5C_xOLm9KSx90gHeCjX-QzBCoxY', '2022-10-01 14:29:16.248350', '2022-10-02 14:29:16.000000', NULL, '87751f36da134af2a43dfff535c251b2'),
	(91, 'eyJ0eXAiOiJKV1QiLCJhbGciOiJIUzI1NiJ9.eyJ0b2tlbl90eXBlIjoicmVmcmVzaCIsImV4cCI6MTY2NDcyMTI0MywiaWF0IjoxNjY0NjM0ODQzLCJqdGkiOiJmNjViNWVjZTlmOTU0NDYzYTYwMGI2NzFlMTIyNDg1NyIsInVzZXJfaWQiOjF9.JBTWBT5zuemrna4xwWet3m2Rx1_6LsRv_JiVGETN8rM', '2022-10-01 14:34:03.230762', '2022-10-02 14:34:03.000000', 1, 'f65b5ece9f954463a600b671e1224857'),
	(92, 'eyJ0eXAiOiJKV1QiLCJhbGciOiJIUzI1NiJ9.eyJ0b2tlbl90eXBlIjoicmVmcmVzaCIsImV4cCI6MTY2NDcyMjA3NCwiaWF0IjoxNjY0NjM1Njc0LCJqdGkiOiI0NmNmODdlZTViZDc0ZmViODAwNWVhZTY0ZWY4MzkzZSIsInVzZXJfaWQiOjEwfQ._AMX4kVXXVmb5MD3JuT8vOLO1yAfz6e2noNJq1yyxok', '2022-10-01 14:47:54.011238', '2022-10-02 14:47:54.000000', NULL, '46cf87ee5bd74feb8005eae64ef8393e'),
	(93, 'eyJ0eXAiOiJKV1QiLCJhbGciOiJIUzI1NiJ9.eyJ0b2tlbl90eXBlIjoicmVmcmVzaCIsImV4cCI6MTY2NDcyMjA4NCwiaWF0IjoxNjY0NjM1Njg0LCJqdGkiOiI4ZTM5YWFiOTIwZmU0N2VmODUwMjllZGRlYjQ1ODYyNSIsInVzZXJfaWQiOjEwfQ.FVFKztSY0w-A5onO9NJBMx-c1cP5xAV60bvs8ILL7zc', '2022-10-01 14:48:04.369936', '2022-10-02 14:48:04.000000', NULL, '8e39aab920fe47ef85029eddeb458625'),
	(94, 'eyJ0eXAiOiJKV1QiLCJhbGciOiJIUzI1NiJ9.eyJ0b2tlbl90eXBlIjoicmVmcmVzaCIsImV4cCI6MTY2NDcyMjI3MiwiaWF0IjoxNjY0NjM1ODcyLCJqdGkiOiJmMDQyMmZlZmJmMTA0Mzk4OTdjMzFlM2ZmYzEyZjA4ZCIsInVzZXJfaWQiOjF9.6JzMRchwhfBpSTno9kULt6Kv-GEze62k4qas6xWbSA0', '2022-10-01 14:51:12.322709', '2022-10-02 14:51:12.000000', 1, 'f0422fefbf10439897c31e3ffc12f08d'),
	(95, 'eyJ0eXAiOiJKV1QiLCJhbGciOiJIUzI1NiJ9.eyJ0b2tlbl90eXBlIjoicmVmcmVzaCIsImV4cCI6MTY2NDcyMjgxNSwiaWF0IjoxNjY0NjM2NDE1LCJqdGkiOiJhZGRhMWNlOTg5NGM0MzlhOWIyZTQ5YTMyMmUxYTNkOSIsInVzZXJfaWQiOjF9.tVonhkw09_pM35zG1DCnAfddHabvs9ViYIUtkfTq1I4', '2022-10-01 15:00:15.686877', '2022-10-02 15:00:15.000000', 1, 'adda1ce9894c439a9b2e49a322e1a3d9'),
	(96, 'eyJ0eXAiOiJKV1QiLCJhbGciOiJIUzI1NiJ9.eyJ0b2tlbl90eXBlIjoicmVmcmVzaCIsImV4cCI6MTY2NDcyMzQ2MywiaWF0IjoxNjY0NjM3MDYzLCJqdGkiOiJhODk5OTQzYWU5ODU0NzliYTM0MzliNTM3ZDE2ZTUyZSIsInVzZXJfaWQiOjF9.n7oK66ybgaanHCPuq4B0pJeOS1i0a_uMOzpcicSVcrk', '2022-10-01 15:11:03.884653', '2022-10-02 15:11:03.000000', 1, 'a899943ae985479ba3439b537d16e52e'),
	(97, 'eyJ0eXAiOiJKV1QiLCJhbGciOiJIUzI1NiJ9.eyJ0b2tlbl90eXBlIjoicmVmcmVzaCIsImV4cCI6MTY2NDcyMzUzNSwiaWF0IjoxNjY0NjM3MTM1LCJqdGkiOiI5MGFmNjM2MjYzMTc0ZWE4OTUxMzkxYjZjMzZmZTcyMCIsInVzZXJfaWQiOjF9.dtekVhTpjp1ZOCX5H5Nk2wUw2Vl1cm5hMApQOOQJJMA', '2022-10-01 15:12:15.853818', '2022-10-02 15:12:15.000000', 1, '90af636263174ea8951391b6c36fe720'),
	(98, 'eyJ0eXAiOiJKV1QiLCJhbGciOiJIUzI1NiJ9.eyJ0b2tlbl90eXBlIjoicmVmcmVzaCIsImV4cCI6MTY2NDcyMzY5NCwiaWF0IjoxNjY0NjM3Mjk0LCJqdGkiOiI2YThiZWNlMTczMGQ0YTJlOTIwNmVmYzMzMjY3ZmJiYyIsInVzZXJfaWQiOjF9.EblHIqLn5jXni45zpKhWbJoimTCo-J2LSaUtyDZXS54', '2022-10-01 15:14:54.342885', '2022-10-02 15:14:54.000000', 1, '6a8bece1730d4a2e9206efc33267fbbc'),
	(99, 'eyJ0eXAiOiJKV1QiLCJhbGciOiJIUzI1NiJ9.eyJ0b2tlbl90eXBlIjoicmVmcmVzaCIsImV4cCI6MTY2NDcyMzcyMCwiaWF0IjoxNjY0NjM3MzIwLCJqdGkiOiJiNDE5NWMxZTIyNjE0YWY5ODEzNGRmNWI5ODYyMTBhNSIsInVzZXJfaWQiOjEwfQ.sTlJxGCkqhWgDjSDsyNrKMSL1lmJBhzwAJ9ZWgcrgIw', '2022-10-01 15:15:20.153950', '2022-10-02 15:15:20.000000', NULL, 'b4195c1e22614af98134df5b986210a5'),
	(100, 'eyJ0eXAiOiJKV1QiLCJhbGciOiJIUzI1NiJ9.eyJ0b2tlbl90eXBlIjoicmVmcmVzaCIsImV4cCI6MTY2NDcyNDU2MywiaWF0IjoxNjY0NjM4MTYzLCJqdGkiOiIxYWRkMzZmN2Q1ZTc0YTIwYWY1NjdhY2M1YjU5N2JhMiIsInVzZXJfaWQiOjF9.PC05OhRNgDkVCdD0E8rnAi2bjJPTeTh2g7hbpE5jwTw', '2022-10-01 15:29:23.615607', '2022-10-02 15:29:23.000000', 1, '1add36f7d5e74a20af567acc5b597ba2'),
	(101, 'eyJ0eXAiOiJKV1QiLCJhbGciOiJIUzI1NiJ9.eyJ0b2tlbl90eXBlIjoicmVmcmVzaCIsImV4cCI6MTY2NDcyNDU2NCwiaWF0IjoxNjY0NjM4MTY0LCJqdGkiOiJkYTNlNTliY2NlZTI0NzM0OTdjY2VmNTg1Nzk0MWI3NCIsInVzZXJfaWQiOjF9.PDqSYZZbV6ppzM2tjoOkbzTEIhUPI2ZsKj6BlnX4Zd8', '2022-10-01 15:29:24.051880', '2022-10-02 15:29:24.000000', 1, 'da3e59bccee2473497ccef5857941b74'),
	(102, 'eyJ0eXAiOiJKV1QiLCJhbGciOiJIUzI1NiJ9.eyJ0b2tlbl90eXBlIjoicmVmcmVzaCIsImV4cCI6MTY2NDcyNDgzMSwiaWF0IjoxNjY0NjM4NDMxLCJqdGkiOiIyYjAzNmU1OTZjODE0NTgyYjA1YThhYjkzYzM0MGI2MiIsInVzZXJfaWQiOjd9.QshAKdJ5KRzEtxhKgj7ILPyeCv9zpxVpU875PMVngcc', '2022-10-01 15:33:51.598521', '2022-10-02 15:33:51.000000', 7, '2b036e596c814582b05a8ab93c340b62'),
	(103, 'eyJ0eXAiOiJKV1QiLCJhbGciOiJIUzI1NiJ9.eyJ0b2tlbl90eXBlIjoicmVmcmVzaCIsImV4cCI6MTY2NDcyNDk3OCwiaWF0IjoxNjY0NjM4NTc4LCJqdGkiOiIzYjgyZWZhZjVlZjM0NDFlODM3YmJhZGViZDk3OTA2OCIsInVzZXJfaWQiOjF9.vzk6hKi8mkCQdiEGxWgGfiHEALy94wXGteRdthbGNhg', '2022-10-01 15:36:18.878540', '2022-10-02 15:36:18.000000', 1, '3b82efaf5ef3441e837bbadebd979068'),
	(104, 'eyJ0eXAiOiJKV1QiLCJhbGciOiJIUzI1NiJ9.eyJ0b2tlbl90eXBlIjoicmVmcmVzaCIsImV4cCI6MTY2NDcyNTM4OSwiaWF0IjoxNjY0NjM4OTg5LCJqdGkiOiJjMzFkMmZhYWNkNzg0ZjJkOTVhYmFkM2U5OTJkZDY1ZiIsInVzZXJfaWQiOjF9.w1n_YWOudlouiPE-UjQD6jqMy3pwvFaaSa5UDlrLuxc', '2022-10-01 15:43:09.927821', '2022-10-02 15:43:09.000000', 1, 'c31d2faacd784f2d95abad3e992dd65f'),
	(105, 'eyJ0eXAiOiJKV1QiLCJhbGciOiJIUzI1NiJ9.eyJ0b2tlbl90eXBlIjoicmVmcmVzaCIsImV4cCI6MTY2NDcyNTQzOSwiaWF0IjoxNjY0NjM5MDM5LCJqdGkiOiI5NGU3NDQ3YmFkZjk0N2NkOGQ0NmY5NThiMDA2MWNmOCIsInVzZXJfaWQiOjN9.fsYw0RUkI_V01kvM-gNb3g7RUQxD5eoDAHUNB8_ZOiw', '2022-10-01 15:43:59.288795', '2022-10-02 15:43:59.000000', NULL, '94e7447badf947cd8d46f958b0061cf8'),
	(106, 'eyJ0eXAiOiJKV1QiLCJhbGciOiJIUzI1NiJ9.eyJ0b2tlbl90eXBlIjoicmVmcmVzaCIsImV4cCI6MTY2NDcyNTg2MywiaWF0IjoxNjY0NjM5NDYzLCJqdGkiOiJlYjUyMDk0YjQ1NTc0NzllYTQ4NjJjMjQ0ZjdmMmEwMSIsInVzZXJfaWQiOjF9.t8X5LSIpyB8TzQNcx4uHqOaOhC1m9-hTQQutID4YytA', '2022-10-01 15:51:03.842044', '2022-10-02 15:51:03.000000', 1, 'eb52094b4557479ea4862c244f7f2a01'),
	(107, 'eyJ0eXAiOiJKV1QiLCJhbGciOiJIUzI1NiJ9.eyJ0b2tlbl90eXBlIjoicmVmcmVzaCIsImV4cCI6MTY2NDcyNTk1OSwiaWF0IjoxNjY0NjM5NTU5LCJqdGkiOiJhYjBlNzY1Mjk1Yzc0YjkzOWMxYTNlMGM3OTMyOTMwNyIsInVzZXJfaWQiOjN9.C9KB8fcB5kJnfMbHcYDiFxcS40Q-wYiEtItw1jGjJQs', '2022-10-01 15:52:39.607786', '2022-10-02 15:52:39.000000', NULL, 'ab0e765295c74b939c1a3e0c79329307'),
	(108, 'eyJ0eXAiOiJKV1QiLCJhbGciOiJIUzI1NiJ9.eyJ0b2tlbl90eXBlIjoicmVmcmVzaCIsImV4cCI6MTY2NDcyNjI0NCwiaWF0IjoxNjY0NjM5ODQ0LCJqdGkiOiI1YjM2YWNlYTE2MTI0N2Q5OTRlYmJjNjg5Nzg4NDhjMSIsInVzZXJfaWQiOjV9.VsAfsQ13FkOauYRZHdxbc0-MrtfMukqowKhMVkng8AE', '2022-10-01 15:57:24.353110', '2022-10-02 15:57:24.000000', 5, '5b36acea161247d994ebbc68978848c1'),
	(109, 'eyJ0eXAiOiJKV1QiLCJhbGciOiJIUzI1NiJ9.eyJ0b2tlbl90eXBlIjoicmVmcmVzaCIsImV4cCI6MTY2NDcyNjk0MiwiaWF0IjoxNjY0NjQwNTQyLCJqdGkiOiI2M2JiZjE0YjZmOGU0YWEyOTY4MGJiYjg3YWU3MWJkOSIsInVzZXJfaWQiOjF9.kmLpYQfoB8bmxTYGaxQV3uwR9_KK33oRMJut12zouoE', '2022-10-01 16:09:02.601197', '2022-10-02 16:09:02.000000', 1, '63bbf14b6f8e4aa29680bbb87ae71bd9'),
	(110, 'eyJ0eXAiOiJKV1QiLCJhbGciOiJIUzI1NiJ9.eyJ0b2tlbl90eXBlIjoicmVmcmVzaCIsImV4cCI6MTY2NDcyNzY0OCwiaWF0IjoxNjY0NjQxMjQ4LCJqdGkiOiJiZjkwOGRmOGIzOWE0MzEyOTUwMWRkODBlZmViMDg4MiIsInVzZXJfaWQiOjN9.nqyDbCeZMc5egYLUA0wtY-NrqG7taxBO16ZOpUzFmx0', '2022-10-01 16:20:48.224643', '2022-10-02 16:20:48.000000', NULL, 'bf908df8b39a43129501dd80efeb0882'),
	(111, 'eyJ0eXAiOiJKV1QiLCJhbGciOiJIUzI1NiJ9.eyJ0b2tlbl90eXBlIjoicmVmcmVzaCIsImV4cCI6MTY2NDcyNzk4MiwiaWF0IjoxNjY0NjQxNTgyLCJqdGkiOiJhYTAwMGYxMjU4Y2I0NDhkOGU5ODMyMWZhNjEzZjJlYSIsInVzZXJfaWQiOjEwfQ.Z6LJNFJJOW0lq3k7sEHBWNztBaAbTuyi-blWjo2l4EA', '2022-10-01 16:26:22.630694', '2022-10-02 16:26:22.000000', NULL, 'aa000f1258cb448d8e98321fa613f2ea'),
	(112, 'eyJ0eXAiOiJKV1QiLCJhbGciOiJIUzI1NiJ9.eyJ0b2tlbl90eXBlIjoicmVmcmVzaCIsImV4cCI6MTY2NDcyOTU2MSwiaWF0IjoxNjY0NjQzMTYxLCJqdGkiOiIxOTA1NjNmMmU5YTM0YzRhYTU4MzIzYTJhYzE4MmFkZCIsInVzZXJfaWQiOjJ9.4AA8RSP86mVlqdHHU0N36UzBVkyWzBKJB5HficYInbc', '2022-10-01 16:52:41.544760', '2022-10-02 16:52:41.000000', 2, '190563f2e9a34c4aa58323a2ac182add'),
	(113, 'eyJ0eXAiOiJKV1QiLCJhbGciOiJIUzI1NiJ9.eyJ0b2tlbl90eXBlIjoicmVmcmVzaCIsImV4cCI6MTY2NDcyOTc5NSwiaWF0IjoxNjY0NjQzMzk1LCJqdGkiOiIyOWQ1OThhMDk2MTQ0MTgwOTlmZjk4MTY0YWY3MWVjMyIsInVzZXJfaWQiOjJ9.rumEsG3CEfw_B9iOZo9PW3fRVzj7bdSgZuqx373bb0w', '2022-10-01 16:56:35.792840', '2022-10-02 16:56:35.000000', 2, '29d598a09614418099ff98164af71ec3'),
	(114, 'eyJ0eXAiOiJKV1QiLCJhbGciOiJIUzI1NiJ9.eyJ0b2tlbl90eXBlIjoicmVmcmVzaCIsImV4cCI6MTY2NDczMDg0NSwiaWF0IjoxNjY0NjQ0NDQ1LCJqdGkiOiIzYTlhNDE3Y2FjYWQ0NTQyYTJjZmQ3ZGMxMDNhODBjMCIsInVzZXJfaWQiOjJ9.y-CBbFHQ0xPLuqDAAjMeK17WD-zdwwqgtwljVHCs55c', '2022-10-01 17:14:05.232329', '2022-10-02 17:14:05.000000', 2, '3a9a417cacad4542a2cfd7dc103a80c0'),
	(115, 'eyJ0eXAiOiJKV1QiLCJhbGciOiJIUzI1NiJ9.eyJ0b2tlbl90eXBlIjoicmVmcmVzaCIsImV4cCI6MTY2NDczMzkxNiwiaWF0IjoxNjY0NjQ3NTE2LCJqdGkiOiJkMTY2Nzc5OTMwNzc0MGUyYTc0MzA0MzhhM2M0ZGIyZSIsInVzZXJfaWQiOjJ9.uo7QsyOeVxQoaLviMFf_o6U0uysETzqBYzNEA-ayle0', '2022-10-01 18:05:16.856379', '2022-10-02 18:05:16.000000', 2, 'd1667799307740e2a7430438a3c4db2e'),
	(116, 'eyJ0eXAiOiJKV1QiLCJhbGciOiJIUzI1NiJ9.eyJ0b2tlbl90eXBlIjoicmVmcmVzaCIsImV4cCI6MTY2NDczNjgxMSwiaWF0IjoxNjY0NjUwNDExLCJqdGkiOiIzNmNiNjFiYWY1Nzk0NTg3OTVhYzhlOTllYWY0NWY4NyIsInVzZXJfaWQiOjJ9.kJeJMNi6K5JI5MhJ7n3xmTYkE8NejtKGJAtbHniZx1s', '2022-10-01 18:53:31.938986', '2022-10-02 18:53:31.000000', 2, '36cb61baf579458795ac8e99eaf45f87'),
	(117, 'eyJ0eXAiOiJKV1QiLCJhbGciOiJIUzI1NiJ9.eyJ0b2tlbl90eXBlIjoicmVmcmVzaCIsImV4cCI6MTY2NDc3MzAxMSwiaWF0IjoxNjY0Njg2NjExLCJqdGkiOiI5ZTU5MmFmYzE4YzI0YTljODVkNzgxYTBhOTcwZjZjYSIsInVzZXJfaWQiOjF9.BI3BYk92lcO4KM8cTB6dFxztnVcKohU6Gmywd2UBkWI', '2022-10-02 04:56:51.763269', '2022-10-03 04:56:51.000000', 1, '9e592afc18c24a9c85d781a0a970f6ca'),
	(118, 'eyJ0eXAiOiJKV1QiLCJhbGciOiJIUzI1NiJ9.eyJ0b2tlbl90eXBlIjoicmVmcmVzaCIsImV4cCI6MTY2NDc3MzU0NSwiaWF0IjoxNjY0Njg3MTQ1LCJqdGkiOiIyN2RiZGU2Nzc5NWM0MTlmYTRmYWNlZDMwNDVmNTc1MyIsInVzZXJfaWQiOjJ9.LXPI_HrlPO3Te-QkFuRh0F9zKbMXmspYi6PO1gUgO_A', '2022-10-02 05:05:45.854009', '2022-10-03 05:05:45.000000', 2, '27dbde67795c419fa4faced3045f5753'),
	(119, 'eyJ0eXAiOiJKV1QiLCJhbGciOiJIUzI1NiJ9.eyJ0b2tlbl90eXBlIjoicmVmcmVzaCIsImV4cCI6MTY2NDc4OTU0MCwiaWF0IjoxNjY0NzAzMTQwLCJqdGkiOiI4N2YyYzZlOWZiZTc0OTAzOTJmMzQwNTUzMmRiZGJjMSIsInVzZXJfaWQiOjF9._lW0Xnpy1o0yqnHLsr0Kp5jmwwL4GthrCu2uIrp81lc', '2022-10-02 09:32:20.971840', '2022-10-03 09:32:20.000000', 1, '87f2c6e9fbe7490392f3405532dbdbc1'),
	(120, 'eyJ0eXAiOiJKV1QiLCJhbGciOiJIUzI1NiJ9.eyJ0b2tlbl90eXBlIjoicmVmcmVzaCIsImV4cCI6MTY2NDc5MjQyNiwiaWF0IjoxNjY0NzA2MDI2LCJqdGkiOiIxZjkyYTE3NmY0YWU0ZGM5YjRhZjQyZTk3OTY1ZmQ0YSIsInVzZXJfaWQiOjR9.p4FeDikjOyPqwRKyhIhcZPfQdDmE1p998FJsWAGUjfs', '2022-10-02 10:20:26.149249', '2022-10-03 10:20:26.000000', 4, '1f92a176f4ae4dc9b4af42e97965fd4a'),
	(121, 'eyJ0eXAiOiJKV1QiLCJhbGciOiJIUzI1NiJ9.eyJ0b2tlbl90eXBlIjoicmVmcmVzaCIsImV4cCI6MTY2NDc5MjU3NSwiaWF0IjoxNjY0NzA2MTc1LCJqdGkiOiI1MTdhM2I1NzI5Nzc0ODY2YmY3MjA2NzlmOGNjYTg0MCIsInVzZXJfaWQiOjF9.DWM6-JsTbQS-jHwaiRipcatsP4vrT554AURENs7s2pM', '2022-10-02 10:22:55.969487', '2022-10-03 10:22:55.000000', 1, '517a3b5729774866bf720679f8cca840'),
	(122, 'eyJ0eXAiOiJKV1QiLCJhbGciOiJIUzI1NiJ9.eyJ0b2tlbl90eXBlIjoicmVmcmVzaCIsImV4cCI6MTY2NDc5Njg1MywiaWF0IjoxNjY0NzEwNDUzLCJqdGkiOiJkMDNmZDRhOWIzN2E0YzFmYTQyN2Y2MjQ2NmMzNTRjMCIsInVzZXJfaWQiOjExfQ.VeFd65ksOWcuvx3SeCi2IX2Xx29RrstcLIGq89jBlTk', '2022-10-02 11:34:13.224716', '2022-10-03 11:34:13.000000', 11, 'd03fd4a9b37a4c1fa427f62466c354c0'),
	(123, 'eyJ0eXAiOiJKV1QiLCJhbGciOiJIUzI1NiJ9.eyJ0b2tlbl90eXBlIjoicmVmcmVzaCIsImV4cCI6MTY2NDc5Njg2MSwiaWF0IjoxNjY0NzEwNDYxLCJqdGkiOiIzMDc1MmVlZDMwYjI0N2E3YmUyOWY0MDNiMWY1ZWMxNSIsInVzZXJfaWQiOjExfQ.69jXfl0PESmSO_OmDKuBt_zlB8cLPIzp2XHYzDeDaf8', '2022-10-02 11:34:21.033785', '2022-10-03 11:34:21.000000', 11, '30752eed30b247a7be29f403b1f5ec15'),
	(124, 'eyJ0eXAiOiJKV1QiLCJhbGciOiJIUzI1NiJ9.eyJ0b2tlbl90eXBlIjoicmVmcmVzaCIsImV4cCI6MTY2NDgwMzI4NiwiaWF0IjoxNjY0NzE2ODg2LCJqdGkiOiJlM2JmNjUzMTMzMDQ0MjdkOGZlMTZlNmZlYWFkYzdhYiIsInVzZXJfaWQiOjN9.8jwcn6zT2uA89fvEzOnD3MMZHsQhDHU4UAGI9R7MuzA', '2022-10-02 13:21:26.442801', '2022-10-03 13:21:26.000000', NULL, 'e3bf65313304427d8fe16e6feaadc7ab'),
	(125, 'eyJ0eXAiOiJKV1QiLCJhbGciOiJIUzI1NiJ9.eyJ0b2tlbl90eXBlIjoicmVmcmVzaCIsImV4cCI6MTY2NDgwMzg5NywiaWF0IjoxNjY0NzE3NDk3LCJqdGkiOiI3YTcyZmQyNDlkNjA0MDdhYjk3MjRiOGNiZTJiNTM5NyIsInVzZXJfaWQiOjN9.UQQZNTT6INeWWdk1SPJckmpyvRxeFbyvrO9nGvvh1-A', '2022-10-02 13:31:37.528978', '2022-10-03 13:31:37.000000', NULL, '7a72fd249d60407ab9724b8cbe2b5397'),
	(126, 'eyJ0eXAiOiJKV1QiLCJhbGciOiJIUzI1NiJ9.eyJ0b2tlbl90eXBlIjoicmVmcmVzaCIsImV4cCI6MTY2NDgxMTI3OSwiaWF0IjoxNjY0NzI0ODc5LCJqdGkiOiI4Njg3NzMwZmU4NDg0MzBkODAyMTMwMjhjNjNkMWE1YiIsInVzZXJfaWQiOjJ9.2PmzJlAxw2OldM77rHcKDsGqz5CAUUa8D4MrcMz5uLM', '2022-10-02 15:34:39.729841', '2022-10-03 15:34:39.000000', 2, '8687730fe848430d80213028c63d1a5b'),
	(127, 'eyJ0eXAiOiJKV1QiLCJhbGciOiJIUzI1NiJ9.eyJ0b2tlbl90eXBlIjoicmVmcmVzaCIsImV4cCI6MTY2NDgxODE3MSwiaWF0IjoxNjY0NzMxNzcxLCJqdGkiOiJiZmFhZDZjOTJkZDU0MWY1OTQxYjM0Njg4ZTFhOWY4MSIsInVzZXJfaWQiOjJ9.-77-aQjnPjcfZoZiKpj1Jr09W-8bHMWwXWABwL-y4q0', '2022-10-02 17:29:31.711278', '2022-10-03 17:29:31.000000', 2, 'bfaad6c92dd541f5941b34688e1a9f81'),
	(128, 'eyJ0eXAiOiJKV1QiLCJhbGciOiJIUzI1NiJ9.eyJ0b2tlbl90eXBlIjoicmVmcmVzaCIsImV4cCI6MTY2NDgxOTAzNiwiaWF0IjoxNjY0NzMyNjM2LCJqdGkiOiIyYjkzYWRlNjA1NWM0YmQ3YTFlN2Y1ZWU2MWFhZWI0YyIsInVzZXJfaWQiOjJ9.cSEHiCxQmfRv0TbaUnbJ4UeO2dp4rOt0v1zayBQiJQQ', '2022-10-02 17:43:56.834390', '2022-10-03 17:43:56.000000', 2, '2b93ade6055c4bd7a1e7f5ee61aaeb4c'),
	(129, 'eyJ0eXAiOiJKV1QiLCJhbGciOiJIUzI1NiJ9.eyJ0b2tlbl90eXBlIjoicmVmcmVzaCIsImV4cCI6MTY2NDgyMDYxNCwiaWF0IjoxNjY0NzM0MjE0LCJqdGkiOiJiOTZhNDJiMmI5YmU0MzZhYjBiYjJhOWRiMDA1YTU3YyIsInVzZXJfaWQiOjJ9.IKNl5kVLmFJk5xiahKWt13Xa17KDeoCnvaXdxx0jMQU', '2022-10-02 18:10:14.539275', '2022-10-03 18:10:14.000000', 2, 'b96a42b2b9be436ab0bb2a9db005a57c'),
	(130, 'eyJ0eXAiOiJKV1QiLCJhbGciOiJIUzI1NiJ9.eyJ0b2tlbl90eXBlIjoicmVmcmVzaCIsImV4cCI6MTY2NDgyNjU4NywiaWF0IjoxNjY0NzQwMTg3LCJqdGkiOiIxOGEzY2RmOTc3Yzc0MTk3ODUzOTkxNTE0MzU0ZTlmMSIsInVzZXJfaWQiOjJ9.GJUI1tQLmq6jHxXjZN_BfYKI3uCpJsbF7LjhaMdSh5Q', '2022-10-02 19:49:47.626154', '2022-10-03 19:49:47.000000', 2, '18a3cdf977c74197853991514354e9f1'),
	(131, 'eyJ0eXAiOiJKV1QiLCJhbGciOiJIUzI1NiJ9.eyJ0b2tlbl90eXBlIjoicmVmcmVzaCIsImV4cCI6MTY2NDgyNzI1MCwiaWF0IjoxNjY0NzQwODUwLCJqdGkiOiJlNDc5NTZmMWZkYzI0YzJkYjZmMmJhMmMzZjkyZTNjMiIsInVzZXJfaWQiOjJ9.kaLa1lzZI_Avx89R3I1S_gRJ976Yam5FBf_GfYPfeZk', '2022-10-02 20:00:50.205532', '2022-10-03 20:00:50.000000', 2, 'e47956f1fdc24c2db6f2ba2c3f92e3c2'),
	(132, 'eyJ0eXAiOiJKV1QiLCJhbGciOiJIUzI1NiJ9.eyJ0b2tlbl90eXBlIjoicmVmcmVzaCIsImV4cCI6MTY2NDgyODA2MCwiaWF0IjoxNjY0NzQxNjYwLCJqdGkiOiI4YzkwMjYwOTg2Y2Y0NTllODUxMThmY2I1MTRmMTJhNSIsInVzZXJfaWQiOjJ9.6Tc0wOqL4A17QeHTRBFA6dMsQjkkPB4JP1qsScwQa_w', '2022-10-02 20:14:20.297608', '2022-10-03 20:14:20.000000', 2, '8c90260986cf459e85118fcb514f12a5'),
	(133, 'eyJ0eXAiOiJKV1QiLCJhbGciOiJIUzI1NiJ9.eyJ0b2tlbl90eXBlIjoicmVmcmVzaCIsImV4cCI6MTY2NDgyOTEwMywiaWF0IjoxNjY0NzQyNzAzLCJqdGkiOiJjYjI5ZjA5ODMxNWI0OWFjYWZkZThmNjI3ODBmMjE1YyIsInVzZXJfaWQiOjJ9.Xyj-h5CFhsQCfaJcpU7kQj_XrvXPEJ8WuN4P_ElcacU', '2022-10-02 20:31:43.024393', '2022-10-03 20:31:43.000000', 2, 'cb29f098315b49acafde8f62780f215c'),
	(134, 'eyJ0eXAiOiJKV1QiLCJhbGciOiJIUzI1NiJ9.eyJ0b2tlbl90eXBlIjoicmVmcmVzaCIsImV4cCI6MTY2NDgzMTQ0MywiaWF0IjoxNjY0NzQ1MDQzLCJqdGkiOiJiNzA1NzQ4M2M4ZTU0MDYxODE5ZTY2NTgzZGQyMzIxOCIsInVzZXJfaWQiOjJ9.GCq9PZrWz12L6EY3qvMT4WVq03B_KIxDhtD617gBV5Y', '2022-10-02 21:10:43.490772', '2022-10-03 21:10:43.000000', 2, 'b7057483c8e54061819e66583dd23218'),
	(135, 'eyJ0eXAiOiJKV1QiLCJhbGciOiJIUzI1NiJ9.eyJ0b2tlbl90eXBlIjoicmVmcmVzaCIsImV4cCI6MTY2NDgzMzc1MywiaWF0IjoxNjY0NzQ3MzUzLCJqdGkiOiI3YmY0NWI0N2FmYWU0NjM5ODNkYThlOTIyNWUwYWRmNyIsInVzZXJfaWQiOjJ9.qVG8HAyFJWxCF1fjEH1o4ouT9YYp9EfeYFDWjJSx7mg', '2022-10-02 21:49:13.461804', '2022-10-03 21:49:13.000000', 2, '7bf45b47afae463983da8e9225e0adf7'),
	(136, 'eyJ0eXAiOiJKV1QiLCJhbGciOiJIUzI1NiJ9.eyJ0b2tlbl90eXBlIjoicmVmcmVzaCIsImV4cCI6MTY2NDgzNzA2MCwiaWF0IjoxNjY0NzUwNjYwLCJqdGkiOiJlYmYyNjdlZGM2MmI0ODE4OTU3ZTU2MzJjNTU4Yzg1MSIsInVzZXJfaWQiOjJ9.7fFM-1GMJzZCRnIKJf7vQ2Gm6P4sJ9fMd0vO7KVRUmw', '2022-10-02 22:44:20.127438', '2022-10-03 22:44:20.000000', 2, 'ebf267edc62b4818957e5632c558c851'),
	(137, 'eyJ0eXAiOiJKV1QiLCJhbGciOiJIUzI1NiJ9.eyJ0b2tlbl90eXBlIjoicmVmcmVzaCIsImV4cCI6MTY2NDg0ODI3MywiaWF0IjoxNjY0NzYxODczLCJqdGkiOiIxNmM4MWE2YzBhNmU0ODg2YTYwOWJkNzA2ZDVjYmY2ZiIsInVzZXJfaWQiOjF9.5feSYvLS_48YybZThP6Xf79S7Bs-SXIKmj20QoydzMk', '2022-10-03 01:51:13.004298', '2022-10-04 01:51:13.000000', 1, '16c81a6c0a6e4886a609bd706d5cbf6f'),
	(138, 'eyJ0eXAiOiJKV1QiLCJhbGciOiJIUzI1NiJ9.eyJ0b2tlbl90eXBlIjoicmVmcmVzaCIsImV4cCI6MTY2NDg1ODA2MCwiaWF0IjoxNjY0NzcxNjYwLCJqdGkiOiIyMTBhNDE3NGM0ZDk0NmFhYjE5MDM1MzQxNGEwZWU3ZiIsInVzZXJfaWQiOjJ9.-3macaRzdqgjHXxLQ_HzWM_X3QLKrAddpf3UjOKLm04', '2022-10-03 04:34:20.610578', '2022-10-04 04:34:20.000000', 2, '210a4174c4d946aab190353414a0ee7f'),
	(139, 'eyJ0eXAiOiJKV1QiLCJhbGciOiJIUzI1NiJ9.eyJ0b2tlbl90eXBlIjoicmVmcmVzaCIsImV4cCI6MTY2NDg1ODIwMCwiaWF0IjoxNjY0NzcxODAwLCJqdGkiOiI0ZjRlYTRkM2M0ZWU0MDM0YmU1MDA2ODc4ZmJkOWJmYyIsInVzZXJfaWQiOjJ9.xWDZ-_sILm0emg2lL5AlBJ2N1mYP0sFsZ0lN9HSW0pw', '2022-10-03 04:36:40.193250', '2022-10-04 04:36:40.000000', 2, '4f4ea4d3c4ee4034be5006878fbd9bfc'),
	(140, 'eyJ0eXAiOiJKV1QiLCJhbGciOiJIUzI1NiJ9.eyJ0b2tlbl90eXBlIjoicmVmcmVzaCIsImV4cCI6MTY2NDg1ODQ3NywiaWF0IjoxNjY0NzcyMDc3LCJqdGkiOiJkYTZjOGY4YmFhOGI0ODY5YmRjZmNkOTlmOTdkNzIzNCIsInVzZXJfaWQiOjJ9.jEY5MXj44ui4ts7aoFYQChin_A9FtGkohd0su7be7TM', '2022-10-03 04:41:17.237606', '2022-10-04 04:41:17.000000', 2, 'da6c8f8baa8b4869bdcfcd99f97d7234'),
	(141, 'eyJ0eXAiOiJKV1QiLCJhbGciOiJIUzI1NiJ9.eyJ0b2tlbl90eXBlIjoicmVmcmVzaCIsImV4cCI6MTY2NDg1ODc1MiwiaWF0IjoxNjY0NzcyMzUyLCJqdGkiOiIwMGQyZjBmZWIwYmY0NTFjOGRmMTBlODNjMWY5Y2RjYiIsInVzZXJfaWQiOjJ9.G-mHnGds-Pf90YdHk8cteOZZFTtbFvjapc5saQ25Yos', '2022-10-03 04:45:52.902948', '2022-10-04 04:45:52.000000', 2, '00d2f0feb0bf451c8df10e83c1f9cdcb'),
	(142, 'eyJ0eXAiOiJKV1QiLCJhbGciOiJIUzI1NiJ9.eyJ0b2tlbl90eXBlIjoicmVmcmVzaCIsImV4cCI6MTY2NDg1OTEwOSwiaWF0IjoxNjY0NzcyNzA5LCJqdGkiOiIyODFhYzdiNjRmMjM0MjQzOTE4MTVlMjMxNTY5MTY2OCIsInVzZXJfaWQiOjEyfQ.aixoy19Bq_EErPYWusb9DSZYx0e16VdUsacIP0idKbs', '2022-10-03 04:51:49.134904', '2022-10-04 04:51:49.000000', NULL, '281ac7b64f23424391815e2315691668'),
	(143, 'eyJ0eXAiOiJKV1QiLCJhbGciOiJIUzI1NiJ9.eyJ0b2tlbl90eXBlIjoicmVmcmVzaCIsImV4cCI6MTY2NDg1OTEyOCwiaWF0IjoxNjY0NzcyNzI4LCJqdGkiOiIyNjZkY2RiMmVkM2Q0MjA0ODk5ZWY1NGI4NWUyOGI3NiIsInVzZXJfaWQiOjEyfQ.BtGgGi81Vube_OpCn8PqXqGkbvqCR-uFmq4xKqK68lA', '2022-10-03 04:52:08.435150', '2022-10-04 04:52:08.000000', NULL, '266dcdb2ed3d4204899ef54b85e28b76'),
	(144, 'eyJ0eXAiOiJKV1QiLCJhbGciOiJIUzI1NiJ9.eyJ0b2tlbl90eXBlIjoicmVmcmVzaCIsImV4cCI6MTY2NDg2MjI1NiwiaWF0IjoxNjY0Nzc1ODU2LCJqdGkiOiJjNDg4N2M0Nzc1ZDE0OGY0YjU3NzhhNzkwNTVjYjc5YyIsInVzZXJfaWQiOjR9.Pn3HDPwnm84CScE8F0T_e0ZUzBsQfksi6fomEZkJ9b0', '2022-10-03 05:44:16.804860', '2022-10-04 05:44:16.000000', 4, 'c4887c4775d148f4b5778a79055cb79c'),
	(145, 'eyJ0eXAiOiJKV1QiLCJhbGciOiJIUzI1NiJ9.eyJ0b2tlbl90eXBlIjoicmVmcmVzaCIsImV4cCI6MTY2NDg2Mzg1NywiaWF0IjoxNjY0Nzc3NDU3LCJqdGkiOiI2ZDgzMzViY2I4YzM0Y2NlOWM0NDQ4MjZiNWMwMWZiNyIsInVzZXJfaWQiOjJ9.e8pI891LiJOQnekVv9H9BB7Q2R_hVrIJR4KJdB87bsg', '2022-10-03 06:10:57.394982', '2022-10-04 06:10:57.000000', 2, '6d8335bcb8c34cce9c444826b5c01fb7'),
	(146, 'eyJ0eXAiOiJKV1QiLCJhbGciOiJIUzI1NiJ9.eyJ0b2tlbl90eXBlIjoicmVmcmVzaCIsImV4cCI6MTY2NDg2Mzk3MCwiaWF0IjoxNjY0Nzc3NTcwLCJqdGkiOiI3MDMyZjg3ZmFkNjc0N2ZmYTJjM2JjOTQxYjdiNTZlYyIsInVzZXJfaWQiOjEzfQ.Q_Z18wAASJUFPHALaBNiZbsXYzASBdAnWgsWvYC83bs', '2022-10-03 06:12:50.770343', '2022-10-04 06:12:50.000000', NULL, '7032f87fad6747ffa2c3bc941b7b56ec'),
	(147, 'eyJ0eXAiOiJKV1QiLCJhbGciOiJIUzI1NiJ9.eyJ0b2tlbl90eXBlIjoicmVmcmVzaCIsImV4cCI6MTY2NDg2Mzk3NywiaWF0IjoxNjY0Nzc3NTc3LCJqdGkiOiI1ZTMxNDUyNDI0YzU0ZjVlYjJmOTExZjEyMmZhYzQ0NSIsInVzZXJfaWQiOjEzfQ.OqrNoi3xjr6SbsdBXY6vo0-4X2pE6vb7XXMOpNJZwVQ', '2022-10-03 06:12:57.374303', '2022-10-04 06:12:57.000000', NULL, '5e31452424c54f5eb2f911f122fac445'),
	(148, 'eyJ0eXAiOiJKV1QiLCJhbGciOiJIUzI1NiJ9.eyJ0b2tlbl90eXBlIjoicmVmcmVzaCIsImV4cCI6MTY2NDg2NDYxMiwiaWF0IjoxNjY0Nzc4MjEyLCJqdGkiOiI5NzgzMWZiZDQwNGY0NjdhYWY5MTlmMGJjNzVkZDhjMCIsInVzZXJfaWQiOjJ9.G7-grkwuNVWt9P61xoH0zcs8u455p9uruA62aJGMtiI', '2022-10-03 06:23:32.438237', '2022-10-04 06:23:32.000000', 2, '97831fbd404f467aaf919f0bc75dd8c0'),
	(149, 'eyJ0eXAiOiJKV1QiLCJhbGciOiJIUzI1NiJ9.eyJ0b2tlbl90eXBlIjoicmVmcmVzaCIsImV4cCI6MTY2NDg2NDg3NywiaWF0IjoxNjY0Nzc4NDc3LCJqdGkiOiI2MTNjMjA3ZmM0Njc0ODAyOTM0OGE4YzQ0MTA3OTA3NSIsInVzZXJfaWQiOjJ9.Kt2oK3NrnOAmdDK9IZVpI4ZPLcyIF2kGODQYBSTz5k8', '2022-10-03 06:27:57.082797', '2022-10-04 06:27:57.000000', 2, '613c207fc46748029348a8c441079075'),
	(150, 'eyJ0eXAiOiJKV1QiLCJhbGciOiJIUzI1NiJ9.eyJ0b2tlbl90eXBlIjoicmVmcmVzaCIsImV4cCI6MTY2NDg2NTUxMywiaWF0IjoxNjY0Nzc5MTEzLCJqdGkiOiJkYzY1MGMwYjkxNmY0ODM1OTI4ODNjODljNTY1NjY0NSIsInVzZXJfaWQiOjF9.x7gabYRzFkuQ2OF7-LcjAVPpOMsXYi6iRklez6giioM', '2022-10-03 06:38:33.481007', '2022-10-04 06:38:33.000000', 1, 'dc650c0b916f483592883c89c5656645'),
	(151, 'eyJ0eXAiOiJKV1QiLCJhbGciOiJIUzI1NiJ9.eyJ0b2tlbl90eXBlIjoicmVmcmVzaCIsImV4cCI6MTY2NDg2NTU1MSwiaWF0IjoxNjY0Nzc5MTUxLCJqdGkiOiJlMmNmZGNmYzVhZTc0NDk2OWU4YThjNzBlN2FhZGI1NiIsInVzZXJfaWQiOjN9.7AyBQq69okbWWBZifW-pdbDunzwbPbkhjSYS38RllJA', '2022-10-03 06:39:11.174896', '2022-10-04 06:39:11.000000', NULL, 'e2cfdcfc5ae744969e8a8c70e7aadb56'),
	(152, 'eyJ0eXAiOiJKV1QiLCJhbGciOiJIUzI1NiJ9.eyJ0b2tlbl90eXBlIjoicmVmcmVzaCIsImV4cCI6MTY2NDg2NjM0NCwiaWF0IjoxNjY0Nzc5OTQ0LCJqdGkiOiJhZGNkZmNhMzM2MGQ0OTI2OWNkZTBmYWU2ZmZkYWVjMSIsInVzZXJfaWQiOjF9.F9venZhjtku_AyMIu141x-cKSGBulYk-4jsX71sGkUc', '2022-10-03 06:52:24.224486', '2022-10-04 06:52:24.000000', 1, 'adcdfca3360d49269cde0fae6ffdaec1'),
	(153, 'eyJ0eXAiOiJKV1QiLCJhbGciOiJIUzI1NiJ9.eyJ0b2tlbl90eXBlIjoicmVmcmVzaCIsImV4cCI6MTY2NDg2NjM4OCwiaWF0IjoxNjY0Nzc5OTg4LCJqdGkiOiI2ZjVkNTY3ODg4NTE0MThjOTYyYjhjNGM4YmViMmUxOSIsInVzZXJfaWQiOjF9.MzgmBpKLQRxsLvh32W7OafcmX6GhhJjyKqb9jmkbtoY', '2022-10-03 06:53:08.564237', '2022-10-04 06:53:08.000000', 1, '6f5d56788851418c962b8c4c8beb2e19'),
	(154, 'eyJ0eXAiOiJKV1QiLCJhbGciOiJIUzI1NiJ9.eyJ0b2tlbl90eXBlIjoicmVmcmVzaCIsImV4cCI6MTY2NDg2NjQyNywiaWF0IjoxNjY0NzgwMDI3LCJqdGkiOiJlYjY5ZDQ3MjA4ZTU0MmI5YTc5Nzc0ZjBhNDEzODhhMSIsInVzZXJfaWQiOjN9.ujLD0aXOx99UQW2UMI0A0ZNDpGes19hOul_lgquL_y0', '2022-10-03 06:53:47.823210', '2022-10-04 06:53:47.000000', NULL, 'eb69d47208e542b9a79774f0a41388a1'),
	(155, 'eyJ0eXAiOiJKV1QiLCJhbGciOiJIUzI1NiJ9.eyJ0b2tlbl90eXBlIjoicmVmcmVzaCIsImV4cCI6MTY2NDg2NjUxOSwiaWF0IjoxNjY0NzgwMTE5LCJqdGkiOiI1ZWIwZDU3MzU5ZWE0MDY0OTE2NDFhM2Y5MTdiZTJjNiIsInVzZXJfaWQiOjF9.U-cuHzol788t7Xw1HjtscxbdXnlkDxI8ZeC3_6ngOqs', '2022-10-03 06:55:19.446713', '2022-10-04 06:55:19.000000', 1, '5eb0d57359ea406491641a3f917be2c6'),
	(156, 'eyJ0eXAiOiJKV1QiLCJhbGciOiJIUzI1NiJ9.eyJ0b2tlbl90eXBlIjoicmVmcmVzaCIsImV4cCI6MTY2NDg2Njc2NSwiaWF0IjoxNjY0NzgwMzY1LCJqdGkiOiJjMWExOGE3NjA5OGU0NWQ5OTU3NGJmZDQzNzk5OWMyNyIsInVzZXJfaWQiOjEzfQ.toN_KUKREGt2M73tYhoUBrBYm6IoN9rdGA_LmvOIj1o', '2022-10-03 06:59:25.847721', '2022-10-04 06:59:25.000000', NULL, 'c1a18a76098e45d99574bfd437999c27'),
	(157, 'eyJ0eXAiOiJKV1QiLCJhbGciOiJIUzI1NiJ9.eyJ0b2tlbl90eXBlIjoicmVmcmVzaCIsImV4cCI6MTY2NDg2Njc4NSwiaWF0IjoxNjY0NzgwMzg1LCJqdGkiOiJmNDRlNTNlOWFiMTg0MzVkYmNmZDlkMjI5MWU3MmZkYiIsInVzZXJfaWQiOjEzfQ.eWkKFWF-0eZjDOaTyinTo3cP3WWJs9Uh-07lO1aKONY', '2022-10-03 06:59:45.472931', '2022-10-04 06:59:45.000000', NULL, 'f44e53e9ab18435dbcfd9d2291e72fdb'),
	(158, 'eyJ0eXAiOiJKV1QiLCJhbGciOiJIUzI1NiJ9.eyJ0b2tlbl90eXBlIjoicmVmcmVzaCIsImV4cCI6MTY2NDg2NzU0NCwiaWF0IjoxNjY0NzgxMTQ0LCJqdGkiOiI4YjM5Njc1Y2I1NDA0NTM2YmJmYmJlOTQzZDAyOTdmNiIsInVzZXJfaWQiOjF9.WUPZpg7hCEOjoyT34hE-V_SEO1jiHbqQ7JaC15hkBGs', '2022-10-03 07:12:24.859608', '2022-10-04 07:12:24.000000', 1, '8b39675cb5404536bbfbbe943d0297f6'),
	(159, 'eyJ0eXAiOiJKV1QiLCJhbGciOiJIUzI1NiJ9.eyJ0b2tlbl90eXBlIjoicmVmcmVzaCIsImV4cCI6MTY2NDg2Nzc4NiwiaWF0IjoxNjY0NzgxMzg2LCJqdGkiOiI2YmMzYmNjYTgyMjU0YTUzYTAxNDhjODZjYWMzYzI2NiIsInVzZXJfaWQiOjE0fQ.UyAMTdkoEO8bxLvAezlYFlNJW4YF3-RTM99tGJ7lOUM', '2022-10-03 07:16:26.514127', '2022-10-04 07:16:26.000000', 14, '6bc3bcca82254a53a0148c86cac3c266'),
	(160, 'eyJ0eXAiOiJKV1QiLCJhbGciOiJIUzI1NiJ9.eyJ0b2tlbl90eXBlIjoicmVmcmVzaCIsImV4cCI6MTY2NDg2Nzc5MCwiaWF0IjoxNjY0NzgxMzkwLCJqdGkiOiI3OTczNTY3MzA4YzA0ZTNkODNkMDhiN2MyMjJmOTA2YSIsInVzZXJfaWQiOjE0fQ.3eZC0Y2P1tAyDFpHL2guUrpXsu1UOu38qiZ1c6KmwU0', '2022-10-03 07:16:30.094890', '2022-10-04 07:16:30.000000', 14, '7973567308c04e3d83d08b7c222f906a'),
	(161, 'eyJ0eXAiOiJKV1QiLCJhbGciOiJIUzI1NiJ9.eyJ0b2tlbl90eXBlIjoicmVmcmVzaCIsImV4cCI6MTY2NDg2Nzg0MiwiaWF0IjoxNjY0NzgxNDQyLCJqdGkiOiIyYzYzOWZkNzNlOTE0ZDdmYmY2ZGNkNTkyZTM5ZTNhMiIsInVzZXJfaWQiOjV9.Hq18aGRr253KOmKGPIEfxVpYhKSksFvyKMRyf_ig72Q', '2022-10-03 07:17:22.949987', '2022-10-04 07:17:22.000000', 5, '2c639fd73e914d7fbf6dcd592e39e3a2'),
	(162, 'eyJ0eXAiOiJKV1QiLCJhbGciOiJIUzI1NiJ9.eyJ0b2tlbl90eXBlIjoicmVmcmVzaCIsImV4cCI6MTY2NDg2ODE3NywiaWF0IjoxNjY0NzgxNzc3LCJqdGkiOiI5OWI1NmE2OWI0NmY0OTYyOTliMGMzMjJmZDU3ZjBmMCIsInVzZXJfaWQiOjF9.xjDJkFfLKsJJal1llh-YTfjjJ018PQDLeeRmV6SNu1U', '2022-10-03 07:22:57.305999', '2022-10-04 07:22:57.000000', 1, '99b56a69b46f496299b0c322fd57f0f0'),
	(163, 'eyJ0eXAiOiJKV1QiLCJhbGciOiJIUzI1NiJ9.eyJ0b2tlbl90eXBlIjoicmVmcmVzaCIsImV4cCI6MTY2NDg3NTA1MywiaWF0IjoxNjY0Nzg4NjUzLCJqdGkiOiI2NGFiNWU5NmYxNTk0YjZhYjdjZTYyNjhmZmI0ZTE5YSIsInVzZXJfaWQiOjR9.ycogtoGXJrvnH3tzRrZwRIjLwyUMQs8mql2sOyuE9rY', '2022-10-03 09:17:33.564069', '2022-10-04 09:17:33.000000', 4, '64ab5e96f1594b6ab7ce6268ffb4e19a'),
	(164, 'eyJ0eXAiOiJKV1QiLCJhbGciOiJIUzI1NiJ9.eyJ0b2tlbl90eXBlIjoicmVmcmVzaCIsImV4cCI6MTY2NDg3NTIyNCwiaWF0IjoxNjY0Nzg4ODI0LCJqdGkiOiJkYmEzN2ZjMTczYzY0MGU2YjJhNTBmNWNmNmQ2NjFhYSIsInVzZXJfaWQiOjR9.Rh70mKX1o2hjsQWsvnVKC7xOsmB-mpfIfp1oRX9w8qo', '2022-10-03 09:20:24.919212', '2022-10-04 09:20:24.000000', 4, 'dba37fc173c640e6b2a50f5cf6d661aa'),
	(165, 'eyJ0eXAiOiJKV1QiLCJhbGciOiJIUzI1NiJ9.eyJ0b2tlbl90eXBlIjoicmVmcmVzaCIsImV4cCI6MTY2NDg3NzI2MSwiaWF0IjoxNjY0NzkwODYxLCJqdGkiOiIwM2FjYzA5NWU3NDk0OGI5ODdiNWNjNjlkNjVlNmIyOSIsInVzZXJfaWQiOjJ9.BK17AV50f8NPxybUP4X6APYvhXBoeeXez4o14eq7XC4', '2022-10-03 09:54:21.868054', '2022-10-04 09:54:21.000000', 2, '03acc095e74948b987b5cc69d65e6b29'),
	(166, 'eyJ0eXAiOiJKV1QiLCJhbGciOiJIUzI1NiJ9.eyJ0b2tlbl90eXBlIjoicmVmcmVzaCIsImV4cCI6MTY2NDg4NDQyMywiaWF0IjoxNjY0Nzk4MDIzLCJqdGkiOiJlZDEyZGFiNGE3OGU0N2ZhYjgxMmU3MGNkZDc0MmU5MyIsInVzZXJfaWQiOjJ9.j9k5yR8JdmVidrPqRz6gN35zHWBHES-A4I2eh-NwZ_g', '2022-10-03 11:53:43.299498', '2022-10-04 11:53:43.000000', 2, 'ed12dab4a78e47fab812e70cdd742e93'),
	(167, 'eyJ0eXAiOiJKV1QiLCJhbGciOiJIUzI1NiJ9.eyJ0b2tlbl90eXBlIjoicmVmcmVzaCIsImV4cCI6MTY2NDg4NDg3NiwiaWF0IjoxNjY0Nzk4NDc2LCJqdGkiOiIzNjBjY2NhMWYyNjU0MzMzODYzZGYzY2U5MmRlZDhiNyIsInVzZXJfaWQiOjF9.PVO6_xPxW1Y2vT6a2MkIB1QnM3CxSxqGxVC9_vMFDQc', '2022-10-03 12:01:16.618532', '2022-10-04 12:01:16.000000', 1, '360ccca1f2654333863df3ce92ded8b7'),
	(168, 'eyJ0eXAiOiJKV1QiLCJhbGciOiJIUzI1NiJ9.eyJ0b2tlbl90eXBlIjoicmVmcmVzaCIsImV4cCI6MTY2NDg5Mjg2MCwiaWF0IjoxNjY0ODA2NDYwLCJqdGkiOiIyNmU4N2ViODA1NTU0MTI1OGFiYTE0YzQ1ZDI3ZTRkOCIsInVzZXJfaWQiOjF9.NV9wQdlJrtbBZFf8Ekdp660H0YeYOnvyVKLV8xj2ICI', '2022-10-03 14:14:20.300955', '2022-10-04 14:14:20.000000', 1, '26e87eb8055541258aba14c45d27e4d8'),
	(169, 'eyJ0eXAiOiJKV1QiLCJhbGciOiJIUzI1NiJ9.eyJ0b2tlbl90eXBlIjoicmVmcmVzaCIsImV4cCI6MTY2NDg5Mjk0OSwiaWF0IjoxNjY0ODA2NTQ5LCJqdGkiOiI0YjYyODM1YzQwNDU0NGJlOWRhMDM5NGE1NjZkODk2OSIsInVzZXJfaWQiOjV9.jOpF5gBZnjLzg7VNEFA2lZC9I_l76s-jQ71OBTQh5QY', '2022-10-03 14:15:49.709084', '2022-10-04 14:15:49.000000', 5, '4b62835c404544be9da0394a566d8969'),
	(170, 'eyJ0eXAiOiJKV1QiLCJhbGciOiJIUzI1NiJ9.eyJ0b2tlbl90eXBlIjoicmVmcmVzaCIsImV4cCI6MTY2NDg5MzE1NSwiaWF0IjoxNjY0ODA2NzU1LCJqdGkiOiIxMmUxOTczNWE4MjE0NDY5YmJiOTMxYTM1MTMwYzIwYyIsInVzZXJfaWQiOjF9.H07UVqIWoqIJxINaeA8kzmUK76VXrH1BDrx_y1hrXss', '2022-10-03 14:19:15.413095', '2022-10-04 14:19:15.000000', 1, '12e19735a8214469bbb931a35130c20c'),
	(171, 'eyJ0eXAiOiJKV1QiLCJhbGciOiJIUzI1NiJ9.eyJ0b2tlbl90eXBlIjoicmVmcmVzaCIsImV4cCI6MTY2NDkxMjMwNiwiaWF0IjoxNjY0ODI1OTA2LCJqdGkiOiI1ZWUxNjcxMmY2MzY0OWEyYmYxYTQ1NmU1MzJkNTQwNSIsInVzZXJfaWQiOjJ9.zoTjPOpdcoWrYOWfyrY9CI2clik32BluIzMfxzqAnLo', '2022-10-03 19:38:26.618553', '2022-10-04 19:38:26.000000', 2, '5ee16712f63649a2bf1a456e532d5405'),
	(172, 'eyJ0eXAiOiJKV1QiLCJhbGciOiJIUzI1NiJ9.eyJ0b2tlbl90eXBlIjoicmVmcmVzaCIsImV4cCI6MTY2NDkxNDY2MCwiaWF0IjoxNjY0ODI4MjYwLCJqdGkiOiI4MTdjYzdhYzBmYTE0OWNiOGJkNmJmMDAyZjdjNDU0NSIsInVzZXJfaWQiOjJ9.3L0IxxpQ5dwzRxITQIPtiZSu_rnnxrTJC1IxYegouro', '2022-10-03 20:17:40.869714', '2022-10-04 20:17:40.000000', 2, '817cc7ac0fa149cb8bd6bf002f7c4545'),
	(173, 'eyJ0eXAiOiJKV1QiLCJhbGciOiJIUzI1NiJ9.eyJ0b2tlbl90eXBlIjoicmVmcmVzaCIsImV4cCI6MTY2NDkxNDk3NywiaWF0IjoxNjY0ODI4NTc3LCJqdGkiOiI1NDk0YzNiMmQ1ZTI0ZGRkYWVhOTcyMzExYzY1YThmMiIsInVzZXJfaWQiOjE1fQ.G3UlqTowCZ5LGKidOeeyOmN2LYsS38RHRz3DzBhADAY', '2022-10-03 20:22:57.148655', '2022-10-04 20:22:57.000000', 15, '5494c3b2d5e24dddaea972311c65a8f2'),
	(174, 'eyJ0eXAiOiJKV1QiLCJhbGciOiJIUzI1NiJ9.eyJ0b2tlbl90eXBlIjoicmVmcmVzaCIsImV4cCI6MTY2NDkxNDk4NywiaWF0IjoxNjY0ODI4NTg3LCJqdGkiOiI2ZmI3NWQyZmE1OGM0YWNlYWZkN2U1MDAxYzYzNWY4YiIsInVzZXJfaWQiOjE1fQ.4zWqm0ZQKLB2W7MkaP1JaB8Q4WHLm2r3yuFrQdOj8w0', '2022-10-03 20:23:07.732965', '2022-10-04 20:23:07.000000', 15, '6fb75d2fa58c4aceafd7e5001c635f8b'),
	(175, 'eyJ0eXAiOiJKV1QiLCJhbGciOiJIUzI1NiJ9.eyJ0b2tlbl90eXBlIjoicmVmcmVzaCIsImV4cCI6MTY2NDkxNjUxNiwiaWF0IjoxNjY0ODMwMTE2LCJqdGkiOiIzN2EzN2E4MmE2ZDE0YTZlOWI4NTEyNTA5MjUxZDQ5MiIsInVzZXJfaWQiOjJ9.1hw2LvbKEmsQCnonS3Ey9vaQ7NnC9xaZNfjzrP--bSM', '2022-10-03 20:48:36.541023', '2022-10-04 20:48:36.000000', 2, '37a37a82a6d14a6e9b8512509251d492'),
	(176, 'eyJ0eXAiOiJKV1QiLCJhbGciOiJIUzI1NiJ9.eyJ0b2tlbl90eXBlIjoicmVmcmVzaCIsImV4cCI6MTY2NDk0OTQ1NSwiaWF0IjoxNjY0ODYzMDU1LCJqdGkiOiIwODU4NjY2YThlMjI0NTkxYTM2MDczNmY1NTg5YTVkNiIsInVzZXJfaWQiOjJ9.skAgbqyU3WujBUNsambu0E5841I51wXRehZaTNifg6c', '2022-10-04 05:57:35.440672', '2022-10-05 05:57:35.000000', 2, '0858666a8e224591a360736f5589a5d6'),
	(177, 'eyJ0eXAiOiJKV1QiLCJhbGciOiJIUzI1NiJ9.eyJ0b2tlbl90eXBlIjoicmVmcmVzaCIsImV4cCI6MTY2NDk1MDY1MiwiaWF0IjoxNjY0ODY0MjUyLCJqdGkiOiI4ZWU5NjJlYjgzM2Q0Y2FmOWI5MmMzYzY4MjlhMDM3YSIsInVzZXJfaWQiOjF9.56pqT0UDBUVTAyZmw0Bl1WOH6n-7eCJ_UAvYBJrT7Ak', '2022-10-04 06:17:32.623534', '2022-10-05 06:17:32.000000', 1, '8ee962eb833d4caf9b92c3c6829a037a'),
	(178, 'eyJ0eXAiOiJKV1QiLCJhbGciOiJIUzI1NiJ9.eyJ0b2tlbl90eXBlIjoicmVmcmVzaCIsImV4cCI6MTY2NDk1MTAzNCwiaWF0IjoxNjY0ODY0NjM0LCJqdGkiOiI0YjIzNWRiMGVmNDM0Mzk1OWYwNGE4ODRkZTZjNGZjZiIsInVzZXJfaWQiOjJ9.DpUX5NB5s-8mgXw7BJU9oOZDIQCCO0Dh-7y9KB5hQ1g', '2022-10-04 06:23:54.075338', '2022-10-05 06:23:54.000000', 2, '4b235db0ef4343959f04a884de6c4fcf'),
	(179, 'eyJ0eXAiOiJKV1QiLCJhbGciOiJIUzI1NiJ9.eyJ0b2tlbl90eXBlIjoicmVmcmVzaCIsImV4cCI6MTY2NDk1NDk1NSwiaWF0IjoxNjY0ODY4NTU1LCJqdGkiOiJjMmJkMmVhYTBjNWM0ZDk1YmE4OGI4ZjFjYjc0YjAwNCIsInVzZXJfaWQiOjF9.gvLvWXnaoaEr2_BdhNdb7WwQm_HWsyjRcbaVTiPlsEU', '2022-10-04 07:29:15.827545', '2022-10-05 07:29:15.000000', 1, 'c2bd2eaa0c5c4d95ba88b8f1cb74b004'),
	(180, 'eyJ0eXAiOiJKV1QiLCJhbGciOiJIUzI1NiJ9.eyJ0b2tlbl90eXBlIjoicmVmcmVzaCIsImV4cCI6MTY2NDk1NTI2MSwiaWF0IjoxNjY0ODY4ODYxLCJqdGkiOiJmY2FkYTIzNDAwNmY0NTQ0ODNkNTc0M2ExYzc0MmUzMyIsInVzZXJfaWQiOjJ9.0uN7B36RFKnRrnBgrxqeXsmzBvgMo0n8vmFbr5pQ20Y', '2022-10-04 07:34:21.051508', '2022-10-05 07:34:21.000000', 2, 'fcada234006f454483d5743a1c742e33'),
	(181, 'eyJ0eXAiOiJKV1QiLCJhbGciOiJIUzI1NiJ9.eyJ0b2tlbl90eXBlIjoicmVmcmVzaCIsImV4cCI6MTY2NDk2MTk5MCwiaWF0IjoxNjY0ODc1NTkwLCJqdGkiOiIxYjQ1MzFlODQ1MzA0ZjU2YTE1NGViZWVmOGYyMjEzOCIsInVzZXJfaWQiOjR9.v22Ryq2rRTqDiVo_A5NJ1l2_oztEncPtZyry0x0-cRI', '2022-10-04 09:26:30.158031', '2022-10-05 09:26:30.000000', 4, '1b4531e845304f56a154ebeef8f22138'),
	(182, 'eyJ0eXAiOiJKV1QiLCJhbGciOiJIUzI1NiJ9.eyJ0b2tlbl90eXBlIjoicmVmcmVzaCIsImV4cCI6MTY2NDk2MjM1NSwiaWF0IjoxNjY0ODc1OTU1LCJqdGkiOiJmYWI0ZjFiZTNiYWY0OTBhOTNkMjU3NzcxMmI0NjEwYSIsInVzZXJfaWQiOjJ9.6sUCbfnr8JYYPO4XGhbHzf3XSJrf3kabzEWuk5tqR6c', '2022-10-04 09:32:35.218204', '2022-10-05 09:32:35.000000', 2, 'fab4f1be3baf490a93d2577712b4610a'),
	(183, 'eyJ0eXAiOiJKV1QiLCJhbGciOiJIUzI1NiJ9.eyJ0b2tlbl90eXBlIjoicmVmcmVzaCIsImV4cCI6MTY2NDk2Mjc3NSwiaWF0IjoxNjY0ODc2Mzc1LCJqdGkiOiI1M2I4YzQwMjFjZmI0OGExYmViNzFiODZhMGRlNmNiNyIsInVzZXJfaWQiOjF9.dsF48TaoGhXJtd6Nke2-7EtPHCGzY3Ss7sCwfBSgRkk', '2022-10-04 09:39:35.581194', '2022-10-05 09:39:35.000000', 1, '53b8c4021cfb48a1beb71b86a0de6cb7'),
	(184, 'eyJ0eXAiOiJKV1QiLCJhbGciOiJIUzI1NiJ9.eyJ0b2tlbl90eXBlIjoicmVmcmVzaCIsImV4cCI6MTY2NDk2MzgzMCwiaWF0IjoxNjY0ODc3NDMwLCJqdGkiOiI4ZmYwN2ViNDE4M2U0ODc4ODkwODEyY2QxODQ3NGYwOSIsInVzZXJfaWQiOjJ9.nmjJlXDOlgotitmvHoovxl0UOB_ArBj-TFc79oORrbE', '2022-10-04 09:57:10.480790', '2022-10-05 09:57:10.000000', 2, '8ff07eb4183e4878890812cd18474f09'),
	(185, 'eyJ0eXAiOiJKV1QiLCJhbGciOiJIUzI1NiJ9.eyJ0b2tlbl90eXBlIjoicmVmcmVzaCIsImV4cCI6MTY2NDk3NjIzNiwiaWF0IjoxNjY0ODg5ODM2LCJqdGkiOiI1YzJiY2MwOWI2Yjk0YmQ4ODU4YzJmMzgyYjk5YWM0YiIsInVzZXJfaWQiOjF9.wFTKbMwLWmOnl2dfC1YtorF0SZ-JPLAdO9zODc8HqZw', '2022-10-04 13:23:56.018758', '2022-10-05 13:23:56.000000', 1, '5c2bcc09b6b94bd8858c2f382b99ac4b'),
	(186, 'eyJ0eXAiOiJKV1QiLCJhbGciOiJIUzI1NiJ9.eyJ0b2tlbl90eXBlIjoicmVmcmVzaCIsImV4cCI6MTY2NDk3NjI2NSwiaWF0IjoxNjY0ODg5ODY1LCJqdGkiOiJlYTE3NDJiMDc1OWU0OGU1OTRlOWEwZTUzYjI2YzdlNyIsInVzZXJfaWQiOjF9.rQGZGdgaVG38XyC9leqOGE7xwwqo1pTOBJbd3jgMmto', '2022-10-04 13:24:25.986502', '2022-10-05 13:24:25.000000', 1, 'ea1742b0759e48e594e9a0e53b26c7e7'),
	(187, 'eyJ0eXAiOiJKV1QiLCJhbGciOiJIUzI1NiJ9.eyJ0b2tlbl90eXBlIjoicmVmcmVzaCIsImV4cCI6MTY2NDk3ODQ0NiwiaWF0IjoxNjY0ODkyMDQ2LCJqdGkiOiIyMmNjZmJhYzQ2OGI0NzU0OWJiNmJlYzIzMzBlNWI3MSIsInVzZXJfaWQiOjF9.YnB_Ka9WJiIx4taS9rngHawrZgr-biKyz_lk7vovXXg', '2022-10-04 14:00:46.715800', '2022-10-05 14:00:46.000000', 1, '22ccfbac468b47549bb6bec2330e5b71'),
	(188, 'eyJ0eXAiOiJKV1QiLCJhbGciOiJIUzI1NiJ9.eyJ0b2tlbl90eXBlIjoicmVmcmVzaCIsImV4cCI6MTY2NDk3ODg1NiwiaWF0IjoxNjY0ODkyNDU2LCJqdGkiOiJhY2Y1NmVhMWNlMDA0N2RmOTc1OGMxNTQ4YTMyNDM0YyIsInVzZXJfaWQiOjF9.PodC44WSMDBx01kLwieUay9sL3L8uMlt1_C3zwf0pdg', '2022-10-04 14:07:36.364127', '2022-10-05 14:07:36.000000', 1, 'acf56ea1ce0047df9758c1548a32434c'),
	(189, 'eyJ0eXAiOiJKV1QiLCJhbGciOiJIUzI1NiJ9.eyJ0b2tlbl90eXBlIjoicmVmcmVzaCIsImV4cCI6MTY2NDk3ODg5NiwiaWF0IjoxNjY0ODkyNDk2LCJqdGkiOiJjZTgxYTg3OWM2OWE0YmQ3OWJiNGYyZjMzNzg5NThkZiIsInVzZXJfaWQiOjF9.VryJKevnL9J4Y299ghg8B4fTWMq3cSOKBsXcIptomeU', '2022-10-04 14:08:16.136545', '2022-10-05 14:08:16.000000', 1, 'ce81a879c69a4bd79bb4f2f3378958df'),
	(190, 'eyJ0eXAiOiJKV1QiLCJhbGciOiJIUzI1NiJ9.eyJ0b2tlbl90eXBlIjoicmVmcmVzaCIsImV4cCI6MTY2NDk3OTA1MywiaWF0IjoxNjY0ODkyNjUzLCJqdGkiOiIzZDA2NzBlNjYzNzk0YjAxODliZmE3ODlkODQ2YWQyNCIsInVzZXJfaWQiOjF9.YyaXsurYCE5zteD4uSgKc8Jnv8WMZuEAbvSVs3SxOZA', '2022-10-04 14:10:53.226669', '2022-10-05 14:10:53.000000', 1, '3d0670e663794b0189bfa789d846ad24'),
	(191, 'eyJ0eXAiOiJKV1QiLCJhbGciOiJIUzI1NiJ9.eyJ0b2tlbl90eXBlIjoicmVmcmVzaCIsImV4cCI6MTY2NDk4MTU5MywiaWF0IjoxNjY0ODk1MTkzLCJqdGkiOiIwNjFhY2E2MzIxOTk0MDhkYmVkYTBlYTI2ODVmYmU1NyIsInVzZXJfaWQiOjJ9._ZU0kSaGJCXIVjG9F901sZee8nLUsRlvw2MjHjWY9gg', '2022-10-04 14:53:13.182107', '2022-10-05 14:53:13.000000', 2, '061aca632199408dbeda0ea2685fbe57'),
	(192, 'eyJ0eXAiOiJKV1QiLCJhbGciOiJIUzI1NiJ9.eyJ0b2tlbl90eXBlIjoicmVmcmVzaCIsImV4cCI6MTY2NTAxOTc5NywiaWF0IjoxNjY0OTMzMzk3LCJqdGkiOiI2YzY5NzQxOGI1MGU0MjUzYTRkMDcwNDFjNTM2NDNkNyIsInVzZXJfaWQiOjF9.wA0u_lTMhOG7tv2xwZ8PTqRw1wraklGOvF3kmi28FiQ', '2022-10-05 01:29:57.456390', '2022-10-06 01:29:57.000000', 1, '6c697418b50e4253a4d07041c53643d7'),
	(193, 'eyJ0eXAiOiJKV1QiLCJhbGciOiJIUzI1NiJ9.eyJ0b2tlbl90eXBlIjoicmVmcmVzaCIsImV4cCI6MTY2NTAyMjcyNiwiaWF0IjoxNjY0OTM2MzI2LCJqdGkiOiI3ZjNmMmFkNTE1ZjA0OGU4YTkzZGRiYWYxNTUzMjJmNyIsInVzZXJfaWQiOjR9.XTiXF0Ce8ZTGSCZs59mMkGDYlPy20DcbWog3ul2h5b0', '2022-10-05 02:18:46.909116', '2022-10-06 02:18:46.000000', 4, '7f3f2ad515f048e8a93ddbaf155322f7'),
	(194, 'eyJ0eXAiOiJKV1QiLCJhbGciOiJIUzI1NiJ9.eyJ0b2tlbl90eXBlIjoicmVmcmVzaCIsImV4cCI6MTY2NTAyMzI2NCwiaWF0IjoxNjY0OTM2ODY0LCJqdGkiOiJmNmJkYjU2NzliMWM0ZjMwYjNkY2JkZTRkNmEwZWVjMyIsInVzZXJfaWQiOjR9.C1ik6PRf2lBjL9mdrlAssg8qbMm_DoguJ1rm59HRDgw', '2022-10-05 02:27:44.976573', '2022-10-06 02:27:44.000000', 4, 'f6bdb5679b1c4f30b3dcbde4d6a0eec3'),
	(195, 'eyJ0eXAiOiJKV1QiLCJhbGciOiJIUzI1NiJ9.eyJ0b2tlbl90eXBlIjoicmVmcmVzaCIsImV4cCI6MTY2NTAyMzU2MSwiaWF0IjoxNjY0OTM3MTYxLCJqdGkiOiJhZjY5MjNmNThmNGM0ZWY2OTI0MTI0MGU3NWMyN2ExYyIsInVzZXJfaWQiOjF9.9it_98Ov5xY_iBaPnp3s4ub7x7Da4jAwIYA370A1J38', '2022-10-05 02:32:41.501984', '2022-10-06 02:32:41.000000', 1, 'af6923f58f4c4ef69241240e75c27a1c'),
	(196, 'eyJ0eXAiOiJKV1QiLCJhbGciOiJIUzI1NiJ9.eyJ0b2tlbl90eXBlIjoicmVmcmVzaCIsImV4cCI6MTY2NTAzMDgyMSwiaWF0IjoxNjY0OTQ0NDIxLCJqdGkiOiJmNDc0MTQ3ZDcxZWU0MDdkYjNhNGQwN2I5NjBhMWI3ZiIsInVzZXJfaWQiOjF9.IlXHXZ-pffz1QJyYG9TixJWHj_eTXZQ9IDkLvKv0f1c', '2022-10-05 04:33:41.580835', '2022-10-06 04:33:41.000000', 1, 'f474147d71ee407db3a4d07b960a1b7f'),
	(197, 'eyJ0eXAiOiJKV1QiLCJhbGciOiJIUzI1NiJ9.eyJ0b2tlbl90eXBlIjoicmVmcmVzaCIsImV4cCI6MTY2NTAzMTA0MCwiaWF0IjoxNjY0OTQ0NjQwLCJqdGkiOiIxMzg4YTMzZjBlYjg0ZjdmYWM0MGVhYjk4OGJmOTY5MSIsInVzZXJfaWQiOjF9.J6BUNcTDVhqU9AYMxrmde9urYlaToO_VkEgDiCTlQIc', '2022-10-05 04:37:20.557591', '2022-10-06 04:37:20.000000', 1, '1388a33f0eb84f7fac40eab988bf9691'),
	(198, 'eyJ0eXAiOiJKV1QiLCJhbGciOiJIUzI1NiJ9.eyJ0b2tlbl90eXBlIjoicmVmcmVzaCIsImV4cCI6MTY2NTAzMjcwMCwiaWF0IjoxNjY0OTQ2MzAwLCJqdGkiOiJmZjMyZWIwYmMxODk0YmM5YTE2MDY2ZGJjMzUwZmU2NCIsInVzZXJfaWQiOjF9.k6m-ftE9BseLtDYhqRt1v9Al6pKq6k3TbGwyO7zlj_A', '2022-10-05 05:05:00.158877', '2022-10-06 05:05:00.000000', 1, 'ff32eb0bc1894bc9a16066dbc350fe64'),
	(199, 'eyJ0eXAiOiJKV1QiLCJhbGciOiJIUzI1NiJ9.eyJ0b2tlbl90eXBlIjoicmVmcmVzaCIsImV4cCI6MTY2NTAzMjg0MCwiaWF0IjoxNjY0OTQ2NDQwLCJqdGkiOiIxYWU1YzlhYTVhZGI0Zjk5ODJjYTEzMzYzZTYyODMwYiIsInVzZXJfaWQiOjJ9.8P_8XbjxASJ_3Kpr9O0DiNhgjxgGepwgX0oCfQrhmfU', '2022-10-05 05:07:20.958904', '2022-10-06 05:07:20.000000', 2, '1ae5c9aa5adb4f9982ca13363e62830b'),
	(200, 'eyJ0eXAiOiJKV1QiLCJhbGciOiJIUzI1NiJ9.eyJ0b2tlbl90eXBlIjoicmVmcmVzaCIsImV4cCI6MTY2NTAzMjk1OCwiaWF0IjoxNjY0OTQ2NTU4LCJqdGkiOiJkYjc3YjExM2ZiYjY0NTc5OWE3Yzc4YzY0MjBlZmU1NSIsInVzZXJfaWQiOjF9.FcpuecOlnkN7v7IWMvEb0sKrIFyH-NniKJ3zDevIRso', '2022-10-05 05:09:18.868849', '2022-10-06 05:09:18.000000', 1, 'db77b113fbb645799a7c78c6420efe55'),
	(201, 'eyJ0eXAiOiJKV1QiLCJhbGciOiJIUzI1NiJ9.eyJ0b2tlbl90eXBlIjoicmVmcmVzaCIsImV4cCI6MTY2NTAzMzE2NCwiaWF0IjoxNjY0OTQ2NzY0LCJqdGkiOiI1NDhiNzFjYTI1ODU0M2FlOTY3MTU1MTk3NTJiN2JkNyIsInVzZXJfaWQiOjF9.y0lAwdtPZY0bdCJhjsiV1jAs7jzDKboc-RcCbg2MGtI', '2022-10-05 05:12:44.029071', '2022-10-06 05:12:44.000000', 1, '548b71ca258543ae96715519752b7bd7'),
	(202, 'eyJ0eXAiOiJKV1QiLCJhbGciOiJIUzI1NiJ9.eyJ0b2tlbl90eXBlIjoicmVmcmVzaCIsImV4cCI6MTY2NTAzMzIzMCwiaWF0IjoxNjY0OTQ2ODMwLCJqdGkiOiJhZjg1NmQxNWIyYWQ0Y2I0ODRlODYyZmY0NjcyNTljMSIsInVzZXJfaWQiOjF9.XSmrwhdRKrGFBkgAdpGLDYyv2n_F3sHJlrUimnuvSlc', '2022-10-05 05:13:50.947622', '2022-10-06 05:13:50.000000', 1, 'af856d15b2ad4cb484e862ff467259c1'),
	(203, 'eyJ0eXAiOiJKV1QiLCJhbGciOiJIUzI1NiJ9.eyJ0b2tlbl90eXBlIjoicmVmcmVzaCIsImV4cCI6MTY2NTAzMzI0MCwiaWF0IjoxNjY0OTQ2ODQwLCJqdGkiOiJlOWFjODRiNTVlYjE0MGY5OThiZGYyZGQ0MmY5M2ZiNSIsInVzZXJfaWQiOjF9.qfkMI-ppQ0BrNM2sf4hXYLe6WmcHXPRGL1FOHVnVjaY', '2022-10-05 05:14:00.233013', '2022-10-06 05:14:00.000000', 1, 'e9ac84b55eb140f998bdf2dd42f93fb5'),
	(204, 'eyJ0eXAiOiJKV1QiLCJhbGciOiJIUzI1NiJ9.eyJ0b2tlbl90eXBlIjoicmVmcmVzaCIsImV4cCI6MTY2NTAzMzI0NiwiaWF0IjoxNjY0OTQ2ODQ2LCJqdGkiOiJkYWMzZGUwZTJmNDk0ZWQwYTc2ZTc3ZDZlMzhhNDhlZSIsInVzZXJfaWQiOjF9.-EA7sOLI6dKGtgaY6zQNJfehbIRSoLRCPvAZGRZDkO8', '2022-10-05 05:14:06.788042', '2022-10-06 05:14:06.000000', 1, 'dac3de0e2f494ed0a76e77d6e38a48ee'),
	(205, 'eyJ0eXAiOiJKV1QiLCJhbGciOiJIUzI1NiJ9.eyJ0b2tlbl90eXBlIjoicmVmcmVzaCIsImV4cCI6MTY2NTAzMzI4MSwiaWF0IjoxNjY0OTQ2ODgxLCJqdGkiOiI2NGQwYzg0OWY3MzA0NzRiOTVjN2EwYjkwZjFiMzE5MSIsInVzZXJfaWQiOjF9.ht0dD5gY94dEsCKHYJ26NXNU9PDnzjEBLV5bIVgi-I8', '2022-10-05 05:14:41.144428', '2022-10-06 05:14:41.000000', 1, '64d0c849f730474b95c7a0b90f1b3191'),
	(206, 'eyJ0eXAiOiJKV1QiLCJhbGciOiJIUzI1NiJ9.eyJ0b2tlbl90eXBlIjoicmVmcmVzaCIsImV4cCI6MTY2NTAzMzM0NCwiaWF0IjoxNjY0OTQ2OTQ0LCJqdGkiOiIzMzJlOTM5NjU4OGM0Y2NhODUwNTY5YzJmZmFlYTE4MyIsInVzZXJfaWQiOjF9.1FkNo-TKNJVm2Xx4j52Nh-DeEmgzqUf9YNd2BxOqZ5k', '2022-10-05 05:15:44.672358', '2022-10-06 05:15:44.000000', 1, '332e9396588c4cca850569c2ffaea183'),
	(207, 'eyJ0eXAiOiJKV1QiLCJhbGciOiJIUzI1NiJ9.eyJ0b2tlbl90eXBlIjoicmVmcmVzaCIsImV4cCI6MTY2NTAzMzUwNCwiaWF0IjoxNjY0OTQ3MTA0LCJqdGkiOiJjYzBiNGJlZDU5YmU0NGJjODJkZTk0ZjU2Nzk5MmEyMyIsInVzZXJfaWQiOjF9.uTSW7dP5vPlUiP5Yfn-YHzCUc_robF9oa2PnvzJrZUg', '2022-10-05 05:18:24.768781', '2022-10-06 05:18:24.000000', 1, 'cc0b4bed59be44bc82de94f567992a23'),
	(208, 'eyJ0eXAiOiJKV1QiLCJhbGciOiJIUzI1NiJ9.eyJ0b2tlbl90eXBlIjoicmVmcmVzaCIsImV4cCI6MTY2NTAzNDgzNiwiaWF0IjoxNjY0OTQ4NDM2LCJqdGkiOiI3YzFmMmM1MzZkZjQ0OTI4YTUwYmNmYjlhODgxOGViNSIsInVzZXJfaWQiOjF9.ZDR4dw7jC5x3fkHmT8s2XLegeYg7DczViq58EzfywRs', '2022-10-05 05:40:36.803125', '2022-10-06 05:40:36.000000', 1, '7c1f2c536df44928a50bcfb9a8818eb5'),
	(209, 'eyJ0eXAiOiJKV1QiLCJhbGciOiJIUzI1NiJ9.eyJ0b2tlbl90eXBlIjoicmVmcmVzaCIsImV4cCI6MTY2NTAzNzI5MywiaWF0IjoxNjY0OTUwODkzLCJqdGkiOiJlMjIyMjgxMzQ5MDM0NDIyODc3YWM4YjgzYmVlNmQ1YyIsInVzZXJfaWQiOjJ9.UncyMUe66hYKSbC2AdAJojikte4BDIxQjTae6VuMK-M', '2022-10-05 06:21:33.254892', '2022-10-06 06:21:33.000000', 2, 'e222281349034422877ac8b83bee6d5c'),
	(210, 'eyJ0eXAiOiJKV1QiLCJhbGciOiJIUzI1NiJ9.eyJ0b2tlbl90eXBlIjoicmVmcmVzaCIsImV4cCI6MTY2NTAzNzkwMCwiaWF0IjoxNjY0OTUxNTAwLCJqdGkiOiI0Y2M0NmVjOGE2NDY0MGZkYTVmOGI2YTJiNGY3NTNkYiIsInVzZXJfaWQiOjE2fQ.Sj1TEmSDwPrIaopPcqaGboXk1FCxNl78zrXGOHDudUE', '2022-10-05 06:31:40.123395', '2022-10-06 06:31:40.000000', 16, '4cc46ec8a64640fda5f8b6a2b4f753db'),
	(211, 'eyJ0eXAiOiJKV1QiLCJhbGciOiJIUzI1NiJ9.eyJ0b2tlbl90eXBlIjoicmVmcmVzaCIsImV4cCI6MTY2NTAzNzkxNiwiaWF0IjoxNjY0OTUxNTE2LCJqdGkiOiJiYThiZWY3Nzc0MjM0YWUxOGY3ZGU4MzI0NDU0N2IwMyIsInVzZXJfaWQiOjE2fQ.TyH18o9UlbK1BcxdKD8pyxa31Xf65lHF8XbIhOp3Uw4', '2022-10-05 06:31:56.824258', '2022-10-06 06:31:56.000000', 16, 'ba8bef7774234ae18f7de83244547b03'),
	(212, 'eyJ0eXAiOiJKV1QiLCJhbGciOiJIUzI1NiJ9.eyJ0b2tlbl90eXBlIjoicmVmcmVzaCIsImV4cCI6MTY2NTAzNzkyNywiaWF0IjoxNjY0OTUxNTI3LCJqdGkiOiI0OWM4ZWMyYzYxZWQ0MjFlOGVhOWQ2MzE0NjJhYTBhZiIsInVzZXJfaWQiOjExfQ.LDZH5g3Cy8zkRh8jSkd040h-95SJbXTDBcfpEwhyp6E', '2022-10-05 06:32:07.283893', '2022-10-06 06:32:07.000000', 11, '49c8ec2c61ed421e8ea9d631462aa0af'),
	(213, 'eyJ0eXAiOiJKV1QiLCJhbGciOiJIUzI1NiJ9.eyJ0b2tlbl90eXBlIjoicmVmcmVzaCIsImV4cCI6MTY2NTAzODEzOSwiaWF0IjoxNjY0OTUxNzM5LCJqdGkiOiIzMjhjYjQwOTc5Y2I0NjRlYWI5MDIyZDI0ZTEzZDM3YSIsInVzZXJfaWQiOjE2fQ.eSIfnAkZypryrL-bZHXr7HDfsO5Fi4fskhYnI0L6tfQ', '2022-10-05 06:35:39.207084', '2022-10-06 06:35:39.000000', 16, '328cb40979cb464eab9022d24e13d37a'),
	(214, 'eyJ0eXAiOiJKV1QiLCJhbGciOiJIUzI1NiJ9.eyJ0b2tlbl90eXBlIjoicmVmcmVzaCIsImV4cCI6MTY2NTAzODE3MCwiaWF0IjoxNjY0OTUxNzcwLCJqdGkiOiJlNmUzNTFjZmRmNzQ0NmNjYjhlY2VjYzBlODIwYWIxYyIsInVzZXJfaWQiOjE3fQ.i8gUAJW96WDOdNYlTZKLBhqnHbzEn-R200s50n6kjjg', '2022-10-05 06:36:10.170003', '2022-10-06 06:36:10.000000', 17, 'e6e351cfdf7446ccb8ececc0e820ab1c'),
	(215, 'eyJ0eXAiOiJKV1QiLCJhbGciOiJIUzI1NiJ9.eyJ0b2tlbl90eXBlIjoicmVmcmVzaCIsImV4cCI6MTY2NTAzODI2MywiaWF0IjoxNjY0OTUxODYzLCJqdGkiOiI3OGZjMjhlOGU4YTk0MmExOGE0MDE5MmIyMTM2ZDE4OCIsInVzZXJfaWQiOjE4fQ.dQJ4OEW76WjQUhXnLS22ffRfL99tBV9Vd24YYxM3fVM', '2022-10-05 06:37:43.721599', '2022-10-06 06:37:43.000000', 18, '78fc28e8e8a942a18a40192b2136d188'),
	(216, 'eyJ0eXAiOiJKV1QiLCJhbGciOiJIUzI1NiJ9.eyJ0b2tlbl90eXBlIjoicmVmcmVzaCIsImV4cCI6MTY2NTAzODQxOCwiaWF0IjoxNjY0OTUyMDE4LCJqdGkiOiI1MzI3MWM2ZjU3Y2U0NTFiOTVhNjlhNGU4NmJmMGRmZSIsInVzZXJfaWQiOjE5fQ.g5-tBYRMm9zYXsCXL4rZutOuKm6HWXih3Yy6ITNDJa8', '2022-10-05 06:40:18.307746', '2022-10-06 06:40:18.000000', 19, '53271c6f57ce451b95a69a4e86bf0dfe'),
	(217, 'eyJ0eXAiOiJKV1QiLCJhbGciOiJIUzI1NiJ9.eyJ0b2tlbl90eXBlIjoicmVmcmVzaCIsImV4cCI6MTY2NTAzODQxOSwiaWF0IjoxNjY0OTUyMDE5LCJqdGkiOiI4YmRiMTg5ZjU3MmI0MDQxODY3YjM5MGVjNWY0MzE3MSIsInVzZXJfaWQiOjE5fQ.6WwbMVYKPWrrJwEhYqSJ3qeqb05XYZfMrZzCe7ti3qM', '2022-10-05 06:40:19.262627', '2022-10-06 06:40:19.000000', 19, '8bdb189f572b4041867b390ec5f43171'),
	(218, 'eyJ0eXAiOiJKV1QiLCJhbGciOiJIUzI1NiJ9.eyJ0b2tlbl90eXBlIjoicmVmcmVzaCIsImV4cCI6MTY2NTAzODUzMiwiaWF0IjoxNjY0OTUyMTMyLCJqdGkiOiJmZWVmZTUyY2U4YWQ0ZmI1YTIwMWQyZGFiNGE4MDM3MSIsInVzZXJfaWQiOjE5fQ.Mz-LAmaxA6s5tS5o4pUleLLq_pMCLhYgTdu4pahQDYk', '2022-10-05 06:42:12.247749', '2022-10-06 06:42:12.000000', 19, 'feefe52ce8ad4fb5a201d2dab4a80371'),
	(219, 'eyJ0eXAiOiJKV1QiLCJhbGciOiJIUzI1NiJ9.eyJ0b2tlbl90eXBlIjoicmVmcmVzaCIsImV4cCI6MTY2NTAzODU2MSwiaWF0IjoxNjY0OTUyMTYxLCJqdGkiOiI0NDUyZjg3ZWM2MDI0ODU4OGVhMDQ5OTViOTVhYTRjMSIsInVzZXJfaWQiOjIwfQ.SHOTpyxsPgmc7SaQjniZ96B61vhzEj88aPwdPKODsBE', '2022-10-05 06:42:41.598551', '2022-10-06 06:42:41.000000', 20, '4452f87ec60248588ea04995b95aa4c1'),
	(220, 'eyJ0eXAiOiJKV1QiLCJhbGciOiJIUzI1NiJ9.eyJ0b2tlbl90eXBlIjoicmVmcmVzaCIsImV4cCI6MTY2NTAzODU2MiwiaWF0IjoxNjY0OTUyMTYyLCJqdGkiOiIwMGI5NTQ3NzQyOTQ0ZTU5OWM2MjUzODkyMGUyNWZmNiIsInVzZXJfaWQiOjIwfQ.87CjbmZsK8OZ1Nq0W8m7CYd4wXk2SauqJup1Tt4ozHg', '2022-10-05 06:42:42.570654', '2022-10-06 06:42:42.000000', 20, '00b9547742944e599c62538920e25ff6'),
	(221, 'eyJ0eXAiOiJKV1QiLCJhbGciOiJIUzI1NiJ9.eyJ0b2tlbl90eXBlIjoicmVmcmVzaCIsImV4cCI6MTY2NTAzODYwMiwiaWF0IjoxNjY0OTUyMjAyLCJqdGkiOiI4MmU5NjFkNWNjM2Y0ODAzODNkMTU4MzgyOWFhOTU4MCIsInVzZXJfaWQiOjIxfQ.k3Vni2c1bvag7SisaqAyTNHn2syWKJwepPRN4Ej8B1g', '2022-10-05 06:43:22.476957', '2022-10-06 06:43:22.000000', 21, '82e961d5cc3f480383d1583829aa9580'),
	(222, 'eyJ0eXAiOiJKV1QiLCJhbGciOiJIUzI1NiJ9.eyJ0b2tlbl90eXBlIjoicmVmcmVzaCIsImV4cCI6MTY2NTAzODYwMywiaWF0IjoxNjY0OTUyMjAzLCJqdGkiOiIwM2JiMWI0ZWM4Yzg0NTZjYWIxOTdiMWNhYmRmOTA5NCIsInVzZXJfaWQiOjIxfQ.NIVSE9rwHxjSeLuo3-JGRMWOgaYULjU0PqlM_rXF38g', '2022-10-05 06:43:23.446689', '2022-10-06 06:43:23.000000', 21, '03bb1b4ec8c8456cab197b1cabdf9094'),
	(223, 'eyJ0eXAiOiJKV1QiLCJhbGciOiJIUzI1NiJ9.eyJ0b2tlbl90eXBlIjoicmVmcmVzaCIsImV4cCI6MTY2NTAzODYxNCwiaWF0IjoxNjY0OTUyMjE0LCJqdGkiOiIwMWJmZThiZDU1ZDQ0Mzg0YWE2MWFkODcxZjgzMDRmNSIsInVzZXJfaWQiOjIxfQ.CI3HqfKMa966Jk-2hC2orfsv-3Jc33gXIn0Imw304Io', '2022-10-05 06:43:34.164429', '2022-10-06 06:43:34.000000', 21, '01bfe8bd55d44384aa61ad871f8304f5'),
	(224, 'eyJ0eXAiOiJKV1QiLCJhbGciOiJIUzI1NiJ9.eyJ0b2tlbl90eXBlIjoicmVmcmVzaCIsImV4cCI6MTY2NTAzODY0NCwiaWF0IjoxNjY0OTUyMjQ0LCJqdGkiOiI4YzczYTEyMTU1ZjI0ZDQyYTM5NDVkYzgyNjBmZmVkOCIsInVzZXJfaWQiOjIyfQ.T2hpJLxxGswU_czxO2stX16qsz0572SIyxuTNVy7zi8', '2022-10-05 06:44:04.364311', '2022-10-06 06:44:04.000000', 22, '8c73a12155f24d42a3945dc8260ffed8'),
	(225, 'eyJ0eXAiOiJKV1QiLCJhbGciOiJIUzI1NiJ9.eyJ0b2tlbl90eXBlIjoicmVmcmVzaCIsImV4cCI6MTY2NTAzODY0NSwiaWF0IjoxNjY0OTUyMjQ1LCJqdGkiOiJlZGI3NDIxMGE5ODg0YjQ5OTQzNjExNDE5ZTViMGY5MSIsInVzZXJfaWQiOjIyfQ.bIWW9eY6HethUD6CeFP7jN-1GJmzOj1ItVTDxSqcdxQ', '2022-10-05 06:44:05.329595', '2022-10-06 06:44:05.000000', 22, 'edb74210a9884b49943611419e5b0f91'),
	(226, 'eyJ0eXAiOiJKV1QiLCJhbGciOiJIUzI1NiJ9.eyJ0b2tlbl90eXBlIjoicmVmcmVzaCIsImV4cCI6MTY2NTAzODcwNywiaWF0IjoxNjY0OTUyMzA3LCJqdGkiOiI3NGE2ZTNmMjZlZDI0NmJlYjhlMDBhNGNjMmU4MmMyYSIsInVzZXJfaWQiOjIzfQ.u9LeixqXQ9fOSq_UG9Rp1np16tMtVD_N9fJ8nrayTWs', '2022-10-05 06:45:07.460826', '2022-10-06 06:45:07.000000', 23, '74a6e3f26ed246beb8e00a4cc2e82c2a'),
	(227, 'eyJ0eXAiOiJKV1QiLCJhbGciOiJIUzI1NiJ9.eyJ0b2tlbl90eXBlIjoicmVmcmVzaCIsImV4cCI6MTY2NTAzODcwOCwiaWF0IjoxNjY0OTUyMzA4LCJqdGkiOiIwNWQ3NjVlMzRhZTY0MWEzYjdkMzY3YmIzZWYzMDdjZiIsInVzZXJfaWQiOjIzfQ.Cgh10uO1CWb4_4ZuK81vAsQoFHEoX_wRndcC_dxlh1E', '2022-10-05 06:45:08.450976', '2022-10-06 06:45:08.000000', 23, '05d765e34ae641a3b7d367bb3ef307cf'),
	(228, 'eyJ0eXAiOiJKV1QiLCJhbGciOiJIUzI1NiJ9.eyJ0b2tlbl90eXBlIjoicmVmcmVzaCIsImV4cCI6MTY2NTAzODgwMiwiaWF0IjoxNjY0OTUyNDAyLCJqdGkiOiJiYTQzYmQ3OGU2YzU0YzE3YTljZDAzNzVkYTdlODcxNiIsInVzZXJfaWQiOjI0fQ.uJt69oec_nGi_BeLdX3-nf6sqXiXYljwM15CNvq6dbI', '2022-10-05 06:46:42.061681', '2022-10-06 06:46:42.000000', 24, 'ba43bd78e6c54c17a9cd0375da7e8716'),
	(229, 'eyJ0eXAiOiJKV1QiLCJhbGciOiJIUzI1NiJ9.eyJ0b2tlbl90eXBlIjoicmVmcmVzaCIsImV4cCI6MTY2NTAzODgwMywiaWF0IjoxNjY0OTUyNDAzLCJqdGkiOiI2YmRhYjFjYjI3MDQ0ZGU5OGY0YzEwMmM5OWIwYzAyYyIsInVzZXJfaWQiOjI0fQ.HNVFRfh3EtpKf4ep-6y5BrJIu5LbXEbib7IQNOIB9Ww', '2022-10-05 06:46:43.023326', '2022-10-06 06:46:43.000000', 24, '6bdab1cb27044de98f4c102c99b0c02c'),
	(230, 'eyJ0eXAiOiJKV1QiLCJhbGciOiJIUzI1NiJ9.eyJ0b2tlbl90eXBlIjoicmVmcmVzaCIsImV4cCI6MTY2NTAzOTA3MSwiaWF0IjoxNjY0OTUyNjcxLCJqdGkiOiJhMzVhMjZkNmI5NjQ0ZGQwYWE5Yzk0NjhhYjc1YTBlMyIsInVzZXJfaWQiOjI1fQ.xTKcqt0gKHF9i_a7lryGBXVpKzq9p0uvS6HOphag-RQ', '2022-10-05 06:51:11.631703', '2022-10-06 06:51:11.000000', 25, 'a35a26d6b9644dd0aa9c9468ab75a0e3'),
	(231, 'eyJ0eXAiOiJKV1QiLCJhbGciOiJIUzI1NiJ9.eyJ0b2tlbl90eXBlIjoicmVmcmVzaCIsImV4cCI6MTY2NTAzOTA3MiwiaWF0IjoxNjY0OTUyNjcyLCJqdGkiOiJmMmI4NTJkNTEyNGY0ODhjYWNiMjIwNzRmMDIwMGRjZiIsInVzZXJfaWQiOjI1fQ.4HV7Fiiz0SscKDpiqujJX9xUCJltQCeYjhSJN3sVrAI', '2022-10-05 06:51:12.613783', '2022-10-06 06:51:12.000000', 25, 'f2b852d5124f488cacb22074f0200dcf'),
	(232, 'eyJ0eXAiOiJKV1QiLCJhbGciOiJIUzI1NiJ9.eyJ0b2tlbl90eXBlIjoicmVmcmVzaCIsImV4cCI6MTY2NTA0MTE5MCwiaWF0IjoxNjY0OTU0NzkwLCJqdGkiOiIzNmMwNTQwZjM5YTc0YjIxYjNhNTkwNTk0NGFhYjM5ZSIsInVzZXJfaWQiOjI2fQ.J0266JP96wZLQGG96KJA6E7JmTmJdBzdzMcdbB3TWmI', '2022-10-05 07:26:30.231020', '2022-10-06 07:26:30.000000', 26, '36c0540f39a74b21b3a5905944aab39e'),
	(233, 'eyJ0eXAiOiJKV1QiLCJhbGciOiJIUzI1NiJ9.eyJ0b2tlbl90eXBlIjoicmVmcmVzaCIsImV4cCI6MTY2NTA0MTE5MSwiaWF0IjoxNjY0OTU0NzkxLCJqdGkiOiI1NjI1MGY1NWJiNWQ0NWJiODQ2Y2E4ODg3M2JlNjJjYiIsInVzZXJfaWQiOjI2fQ.rbDQ5cebZci__hNU7TajtBJNmi2YSvoVOtwdhARb4Jw', '2022-10-05 07:26:31.216621', '2022-10-06 07:26:31.000000', 26, '56250f55bb5d45bb846ca88873be62cb'),
	(234, 'eyJ0eXAiOiJKV1QiLCJhbGciOiJIUzI1NiJ9.eyJ0b2tlbl90eXBlIjoicmVmcmVzaCIsImV4cCI6MTY2NTA0MTI3MywiaWF0IjoxNjY0OTU0ODczLCJqdGkiOiI4M2UxMDMyZjI5Mzk0NjYyYjI3YjMxMTkyNTcwNDFhNyIsInVzZXJfaWQiOjI3fQ.aQRKJGMo55XcJ4XlhroWJBbXkJdj0Q5KHxyhSqpFo3E', '2022-10-05 07:27:53.202485', '2022-10-06 07:27:53.000000', 27, '83e1032f29394662b27b3119257041a7'),
	(235, 'eyJ0eXAiOiJKV1QiLCJhbGciOiJIUzI1NiJ9.eyJ0b2tlbl90eXBlIjoicmVmcmVzaCIsImV4cCI6MTY2NTA0MTI3NCwiaWF0IjoxNjY0OTU0ODc0LCJqdGkiOiJlZTVkMWUxZTI1OTc0NTlkOWZkYjA1ZDYxOTZhZTIwNyIsInVzZXJfaWQiOjI3fQ.FBCrnTh6xqT44dqP82rfyvKmUOy_qq3J7AskAfaSWmE', '2022-10-05 07:27:54.151982', '2022-10-06 07:27:54.000000', 27, 'ee5d1e1e2597459d9fdb05d6196ae207'),
	(236, 'eyJ0eXAiOiJKV1QiLCJhbGciOiJIUzI1NiJ9.eyJ0b2tlbl90eXBlIjoicmVmcmVzaCIsImV4cCI6MTY2NTA0NTk1NywiaWF0IjoxNjY0OTU5NTU3LCJqdGkiOiI0NmJjZjJjOTZmZWQ0ZjNlOGQ1ZjExNWRkMDY4YjgwYyIsInVzZXJfaWQiOjI4fQ.1VmN6LWaBCHvfZhvr2zKSvthCK0YwUI_MJLXUKVcCJ4', '2022-10-05 08:45:57.306734', '2022-10-06 08:45:57.000000', 28, '46bcf2c96fed4f3e8d5f115dd068b80c'),
	(237, 'eyJ0eXAiOiJKV1QiLCJhbGciOiJIUzI1NiJ9.eyJ0b2tlbl90eXBlIjoicmVmcmVzaCIsImV4cCI6MTY2NTA0NTk1OCwiaWF0IjoxNjY0OTU5NTU4LCJqdGkiOiI3OGY5NmUzOTJmYzM0NGU4OTRjYTlkZTVjM2M4MzExOCIsInVzZXJfaWQiOjI4fQ.zkSx9oTUiWzc8tU-LBBtu_ekRKzu0FElwh--Br4AvGg', '2022-10-05 08:45:58.295218', '2022-10-06 08:45:58.000000', 28, '78f96e392fc344e894ca9de5c3c83118'),
	(238, 'eyJ0eXAiOiJKV1QiLCJhbGciOiJIUzI1NiJ9.eyJ0b2tlbl90eXBlIjoicmVmcmVzaCIsImV4cCI6MTY2NTA0NjEwNSwiaWF0IjoxNjY0OTU5NzA1LCJqdGkiOiI4NWUyNTlmOWJiYzM0NGFiYTE1NWQ5YzZhOGY0MGRiMSIsInVzZXJfaWQiOjI5fQ.b496DSDZwCYWD5ZWEWRLwXU-tqe7QhSYDEFQc1BDmOY', '2022-10-05 08:48:25.051181', '2022-10-06 08:48:25.000000', 29, '85e259f9bbc344aba155d9c6a8f40db1'),
	(239, 'eyJ0eXAiOiJKV1QiLCJhbGciOiJIUzI1NiJ9.eyJ0b2tlbl90eXBlIjoicmVmcmVzaCIsImV4cCI6MTY2NTA0NjEwNiwiaWF0IjoxNjY0OTU5NzA2LCJqdGkiOiJkMzkxNTA4MTIwYWQ0YjFkOWVmY2FlZGU5MDgyMmJmNyIsInVzZXJfaWQiOjI5fQ.wxvqFtiuu3lbw65q3MZqfHJ6AJbxg96VVEJrIbqntxo', '2022-10-05 08:48:26.052344', '2022-10-06 08:48:26.000000', 29, 'd391508120ad4b1d9efcaede90822bf7'),
	(240, 'eyJ0eXAiOiJKV1QiLCJhbGciOiJIUzI1NiJ9.eyJ0b2tlbl90eXBlIjoicmVmcmVzaCIsImV4cCI6MTY2NTA3MDE0MywiaWF0IjoxNjY0OTgzNzQzLCJqdGkiOiIyOGNmMmZlNzhkZjg0ZmJhODA5OTdjMWY2ZDc1MDAzZiIsInVzZXJfaWQiOjF9.XTtd7Y3GcStoOw4pQH3P33koBRaGDFDUr8JoydHZnDg', '2022-10-05 15:29:03.541991', '2022-10-06 15:29:03.000000', 1, '28cf2fe78df84fba80997c1f6d75003f'),
	(241, 'eyJ0eXAiOiJKV1QiLCJhbGciOiJIUzI1NiJ9.eyJ0b2tlbl90eXBlIjoicmVmcmVzaCIsImV4cCI6MTY2NTA3MDM3NiwiaWF0IjoxNjY0OTgzOTc2LCJqdGkiOiJkZmQwOTI4ODQ5ODc0ODg5OWYyYjllZTQwOGFhZTFkNCIsInVzZXJfaWQiOjF9.ZH7ehwh04wWmAXHvmZwnF-1m0bJnfaBt0HES3iotEVE', '2022-10-05 15:32:56.230858', '2022-10-06 15:32:56.000000', 1, 'dfd09288498748899f2b9ee408aae1d4'),
	(242, 'eyJ0eXAiOiJKV1QiLCJhbGciOiJIUzI1NiJ9.eyJ0b2tlbl90eXBlIjoicmVmcmVzaCIsImV4cCI6MTY2NTA3MDkxNSwiaWF0IjoxNjY0OTg0NTE1LCJqdGkiOiJmOGM4YmM5ZmJkNzQ0ZDE1YWM2MTA5YjA0NTQzNjY2YyIsInVzZXJfaWQiOjF9.JdGYC8K8Othltcq2AMBbAwpJPXrfZ3r6JQ9xDfxbnn4', '2022-10-05 15:41:55.808250', '2022-10-06 15:41:55.000000', 1, 'f8c8bc9fbd744d15ac6109b04543666c'),
	(243, 'eyJ0eXAiOiJKV1QiLCJhbGciOiJIUzI1NiJ9.eyJ0b2tlbl90eXBlIjoicmVmcmVzaCIsImV4cCI6MTY2NTA3MTEwNCwiaWF0IjoxNjY0OTg0NzA0LCJqdGkiOiI4YmI2ODg1NWNmZmU0ZWY4YjgxNWFmMGZiMDg0ZmRjZSIsInVzZXJfaWQiOjMwfQ.L21LvObMk6Hq1jYtHAqlUWp0Bo0eaRN9fjKUcM3A0gs', '2022-10-05 15:45:04.055338', '2022-10-06 15:45:04.000000', NULL, '8bb68855cffe4ef8b815af0fb084fdce'),
	(244, 'eyJ0eXAiOiJKV1QiLCJhbGciOiJIUzI1NiJ9.eyJ0b2tlbl90eXBlIjoicmVmcmVzaCIsImV4cCI6MTY2NTA3MTEwNSwiaWF0IjoxNjY0OTg0NzA1LCJqdGkiOiJjZTgxMDQ0ZTE0MTA0ZTgxODg2Yjc3NmIzMTdkZTU3YSIsInVzZXJfaWQiOjMwfQ.mO-PMF8aUqSNIEtvvaW5z7lI7Vlnay8SseiuwI4TWJE', '2022-10-05 15:45:05.039690', '2022-10-06 15:45:05.000000', NULL, 'ce81044e14104e81886b776b317de57a'),
	(245, 'eyJ0eXAiOiJKV1QiLCJhbGciOiJIUzI1NiJ9.eyJ0b2tlbl90eXBlIjoicmVmcmVzaCIsImV4cCI6MTY2NTA3MjkyOCwiaWF0IjoxNjY0OTg2NTI4LCJqdGkiOiI3OGY1ZTJiZjU3ZWU0NGFiYjZhMmE4ODVmZjNlOTA1NCIsInVzZXJfaWQiOjF9.v_1OOz7X8O0zpl2n9iiCi0dD1mN66cgnJgahLEG1HOI', '2022-10-05 16:15:28.738142', '2022-10-06 16:15:28.000000', 1, '78f5e2bf57ee44abb6a2a885ff3e9054'),
	(246, 'eyJ0eXAiOiJKV1QiLCJhbGciOiJIUzI1NiJ9.eyJ0b2tlbl90eXBlIjoicmVmcmVzaCIsImV4cCI6MTY2NTA3NDY2NCwiaWF0IjoxNjY0OTg4MjY0LCJqdGkiOiI0M2ZhODBkZGExNGY0NDNkOWRmZWU4ZGQ0OTFiZWZmNSIsInVzZXJfaWQiOjJ9.N4gbiYVw4E55PNQqTRP3um-UjW1MXVsXV3XotJ4JPi0', '2022-10-05 16:44:24.813550', '2022-10-06 16:44:24.000000', 2, '43fa80dda14f443d9dfee8dd491beff5'),
	(247, 'eyJ0eXAiOiJKV1QiLCJhbGciOiJIUzI1NiJ9.eyJ0b2tlbl90eXBlIjoicmVmcmVzaCIsImV4cCI6MTY2NTA3ODIxNCwiaWF0IjoxNjY0OTkxODE0LCJqdGkiOiJkOTk1MWJlZTY0OGE0N2YwYjlmM2I2M2NlZjQxMzI1NCIsInVzZXJfaWQiOjJ9.c9BGb-Kkh6GDWzgegMDWFTCRO_QHhXvFma3u7LsarpM', '2022-10-05 17:43:34.965460', '2022-10-06 17:43:34.000000', 2, 'd9951bee648a47f0b9f3b63cef413254'),
	(248, 'eyJ0eXAiOiJKV1QiLCJhbGciOiJIUzI1NiJ9.eyJ0b2tlbl90eXBlIjoicmVmcmVzaCIsImV4cCI6MTY2NTA3ODczOSwiaWF0IjoxNjY0OTkyMzM5LCJqdGkiOiI5MmFlNjBmOWM2M2E0MzQwODM2ZDk5NTdiYmZiNzM3MSIsInVzZXJfaWQiOjJ9.Wo-i1vcXpsYs1Njd9bkL_wdMahSHYIpdvDBQUqy1mQE', '2022-10-05 17:52:19.339387', '2022-10-06 17:52:19.000000', 2, '92ae60f9c63a4340836d9957bbfb7371'),
	(249, 'eyJ0eXAiOiJKV1QiLCJhbGciOiJIUzI1NiJ9.eyJ0b2tlbl90eXBlIjoicmVmcmVzaCIsImV4cCI6MTY2NTA4MDg4MywiaWF0IjoxNjY0OTk0NDgzLCJqdGkiOiJkYmQ3MWUxMDlhMzE0NjkxYWQ0ZGFjNTZlNDcxMTQ3NCIsInVzZXJfaWQiOjJ9.MhBzkV2DZHkit60q0WpKkiDHZE18arU4Rfn_en4_lb4', '2022-10-05 18:28:03.647557', '2022-10-06 18:28:03.000000', 2, 'dbd71e109a314691ad4dac56e4711474'),
	(250, 'eyJ0eXAiOiJKV1QiLCJhbGciOiJIUzI1NiJ9.eyJ0b2tlbl90eXBlIjoicmVmcmVzaCIsImV4cCI6MTY2NTA5OTk2NSwiaWF0IjoxNjY1MDEzNTY1LCJqdGkiOiI0MjEzODFhYTIyZTE0MTA3YTViOTc3MThiZDY3MTZiZiIsInVzZXJfaWQiOjEwfQ.UoZ113HG_H3Eb7IhSETqoyU6O5uvIuVpiiaDJRg2Cdk', '2022-10-05 23:46:05.737061', '2022-10-06 23:46:05.000000', NULL, '421381aa22e14107a5b97718bd6716bf'),
	(251, 'eyJ0eXAiOiJKV1QiLCJhbGciOiJIUzI1NiJ9.eyJ0b2tlbl90eXBlIjoicmVmcmVzaCIsImV4cCI6MTY2NTEwMDc2OSwiaWF0IjoxNjY1MDE0MzY5LCJqdGkiOiJkMjAwOWVjNGZiZmE0NDg4YjhkN2ZiYjAyZDA4ODNjMiIsInVzZXJfaWQiOjF9.zwGwJsZsUh8KrmxLmokdqMPT6viWmZdvwk8fhKWLx9Q', '2022-10-05 23:59:29.461721', '2022-10-06 23:59:29.000000', 1, 'd2009ec4fbfa4488b8d7fbb02d0883c2'),
	(252, 'eyJ0eXAiOiJKV1QiLCJhbGciOiJIUzI1NiJ9.eyJ0b2tlbl90eXBlIjoicmVmcmVzaCIsImV4cCI6MTY2NTEwNTMyMiwiaWF0IjoxNjY1MDE4OTIyLCJqdGkiOiJlM2Y2ZTk5MGVjNmU0ZDUwOTM4OTVhOTFmZjViYzlkZCIsInVzZXJfaWQiOjEwfQ.4AofeJl1Dkp4KoPT0KXlnURZ5ikzzeUUgAGc_4yoPN8', '2022-10-06 01:15:22.902237', '2022-10-07 01:15:22.000000', NULL, 'e3f6e990ec6e4d5093895a91ff5bc9dd'),
	(253, 'eyJ0eXAiOiJKV1QiLCJhbGciOiJIUzI1NiJ9.eyJ0b2tlbl90eXBlIjoicmVmcmVzaCIsImV4cCI6MTY2NTEwNTMzMSwiaWF0IjoxNjY1MDE4OTMxLCJqdGkiOiI2NmZiNDhjMDNmNDE0MmNhOTE0ZDBiM2ViNmFjZWE1MiIsInVzZXJfaWQiOjEwfQ.ICsjhZrfhevvdzQLtSaIGCn2Vl1-LCigaebeWL9NTgQ', '2022-10-06 01:15:31.142573', '2022-10-07 01:15:31.000000', NULL, '66fb48c03f4142ca914d0b3eb6acea52'),
	(254, 'eyJ0eXAiOiJKV1QiLCJhbGciOiJIUzI1NiJ9.eyJ0b2tlbl90eXBlIjoicmVmcmVzaCIsImV4cCI6MTY2NTEwNjUzNSwiaWF0IjoxNjY1MDIwMTM1LCJqdGkiOiJmZGQ5YjdiYjhhOTU0MjMwYTBiYzMwMzU3NzM0YmM0ZiIsInVzZXJfaWQiOjR9.4pm-iSK1lwCNgnV_ip6fktHWaY5-w4FcIt-70MwKrn8', '2022-10-06 01:35:35.975951', '2022-10-07 01:35:35.000000', 4, 'fdd9b7bb8a954230a0bc30357734bc4f'),
	(255, 'eyJ0eXAiOiJKV1QiLCJhbGciOiJIUzI1NiJ9.eyJ0b2tlbl90eXBlIjoicmVmcmVzaCIsImV4cCI6MTY2NTEwODU1MywiaWF0IjoxNjY1MDIyMTUzLCJqdGkiOiJhZDBmYjBkMmEzOTc0MDRkYWVkZDQ2YWYyM2FmNDllZCIsInVzZXJfaWQiOjJ9.w9GsP7l9HGMC-tvbNGkrtL0YbZk8OcDHBKXcT5EKF9E', '2022-10-06 02:09:13.645159', '2022-10-07 02:09:13.000000', 2, 'ad0fb0d2a397404daedd46af23af49ed'),
	(256, 'eyJ0eXAiOiJKV1QiLCJhbGciOiJIUzI1NiJ9.eyJ0b2tlbl90eXBlIjoicmVmcmVzaCIsImV4cCI6MTY2NTEwODY0NywiaWF0IjoxNjY1MDIyMjQ3LCJqdGkiOiJlOWEwNWM5N2VlOWQ0YjJlOGUwM2UxM2MyYzJjOGIwOSIsInVzZXJfaWQiOjF9.fcGmCn_uxgNu6cx95IfO8ueRZQ9L25dkOAcR81xbf5g', '2022-10-06 02:10:47.419399', '2022-10-07 02:10:47.000000', 1, 'e9a05c97ee9d4b2e8e03e13c2c2c8b09'),
	(257, 'eyJ0eXAiOiJKV1QiLCJhbGciOiJIUzI1NiJ9.eyJ0b2tlbl90eXBlIjoicmVmcmVzaCIsImV4cCI6MTY2NTExNDAxMiwiaWF0IjoxNjY1MDI3NjEyLCJqdGkiOiIzODc2NTdkYjE2ZDY0MmU4YTlhYWI4NjRlZjNiNWMxNiIsInVzZXJfaWQiOjEwfQ.7vM9xaFJ9I6CrDO_HgG17mqfpF8_JKGhO14dPgjLbVE', '2022-10-06 03:40:12.552489', '2022-10-07 03:40:12.000000', NULL, '387657db16d642e8a9aab864ef3b5c16'),
	(258, 'eyJ0eXAiOiJKV1QiLCJhbGciOiJIUzI1NiJ9.eyJ0b2tlbl90eXBlIjoicmVmcmVzaCIsImV4cCI6MTY2NTExNzk4NiwiaWF0IjoxNjY1MDMxNTg2LCJqdGkiOiJmMzcyNmM2Nzk3Y2E0MjY4YmExZGY2NTU1YmI5MmNmMSIsInVzZXJfaWQiOjJ9.cG1xKG83loqlzPPxBvl3VG8WqlhJ99utnvFiaUK9lZI', '2022-10-06 04:46:26.298087', '2022-10-07 04:46:26.000000', 2, 'f3726c6797ca4268ba1df6555bb92cf1'),
	(259, 'eyJ0eXAiOiJKV1QiLCJhbGciOiJIUzI1NiJ9.eyJ0b2tlbl90eXBlIjoicmVmcmVzaCIsImV4cCI6MTY2NTExODQ4OSwiaWF0IjoxNjY1MDMyMDg5LCJqdGkiOiJhMjliZTVkMTUyNmU0MTdjYWUyMTY2MWExNmE0ZTQ3MCIsInVzZXJfaWQiOjEwfQ.vSEmYcJb2Uz1XbWm5P6oThf0Z6I25h3A4SLXM0A3EPw', '2022-10-06 04:54:49.628398', '2022-10-07 04:54:49.000000', NULL, 'a29be5d1526e417cae21661a16a4e470'),
	(260, 'eyJ0eXAiOiJKV1QiLCJhbGciOiJIUzI1NiJ9.eyJ0b2tlbl90eXBlIjoicmVmcmVzaCIsImV4cCI6MTY2NTExODY5NCwiaWF0IjoxNjY1MDMyMjk0LCJqdGkiOiI4YTVlZWNiMDM4N2Q0ZmNiOTBkZWRjMWJhZGZhOGFjOSIsInVzZXJfaWQiOjR9.YhmjtHbBZTOf_wCBi3OmYynNRiHODcKEPQJ-7dr41b8', '2022-10-06 04:58:14.724905', '2022-10-07 04:58:14.000000', 4, '8a5eecb0387d4fcb90dedc1badfa8ac9'),
	(261, 'eyJ0eXAiOiJKV1QiLCJhbGciOiJIUzI1NiJ9.eyJ0b2tlbl90eXBlIjoicmVmcmVzaCIsImV4cCI6MTY2NTExODg0NSwiaWF0IjoxNjY1MDMyNDQ1LCJqdGkiOiJlMTRkMTM0MjRkYzU0OWFhYTFhYjkxNTVkZWIyYmJhYiIsInVzZXJfaWQiOjR9.J1-MfAGE17pW9PzoKlwDbo_1Rr3I-uafpVxGMhV0KoA', '2022-10-06 05:00:45.689015', '2022-10-07 05:00:45.000000', 4, 'e14d13424dc549aaa1ab9155deb2bbab'),
	(262, 'eyJ0eXAiOiJKV1QiLCJhbGciOiJIUzI1NiJ9.eyJ0b2tlbl90eXBlIjoicmVmcmVzaCIsImV4cCI6MTY2NTExOTE1MCwiaWF0IjoxNjY1MDMyNzUwLCJqdGkiOiI1OTNjODUxYzVkOTA0ZmUxODE4OTMxNzZlNDYwMGNkMCIsInVzZXJfaWQiOjR9.iMKSTwAa4ZgLTvjQ24YIEPQC6MIyoSN7rbpsfebwiC4', '2022-10-06 05:05:50.629542', '2022-10-07 05:05:50.000000', 4, '593c851c5d904fe181893176e4600cd0'),
	(263, 'eyJ0eXAiOiJKV1QiLCJhbGciOiJIUzI1NiJ9.eyJ0b2tlbl90eXBlIjoicmVmcmVzaCIsImV4cCI6MTY2NTExOTE2NCwiaWF0IjoxNjY1MDMyNzY0LCJqdGkiOiI1ODY5M2JlMmU1MjU0ODE2ODY3YjM0OTMyM2M2ZWZkYyIsInVzZXJfaWQiOjF9.cefiKKeVH8WSy4VKynNRmK3a0RPdN37g0XWgQmVMsqE', '2022-10-06 05:06:04.737027', '2022-10-07 05:06:04.000000', 1, '58693be2e5254816867b349323c6efdc'),
	(264, 'eyJ0eXAiOiJKV1QiLCJhbGciOiJIUzI1NiJ9.eyJ0b2tlbl90eXBlIjoicmVmcmVzaCIsImV4cCI6MTY2NTExOTQ1OCwiaWF0IjoxNjY1MDMzMDU4LCJqdGkiOiJkNDA4ZmQ5MjBkMTg0NWE0YTNhMDE5OTJkNjg4YThjYiIsInVzZXJfaWQiOjMxfQ.zHfO8jzXjtK-VEmxB_97iLHQ7X3xSveORyzQ8oYCDd0', '2022-10-06 05:10:58.899309', '2022-10-07 05:10:58.000000', 31, 'd408fd920d1845a4a3a01992d688a8cb'),
	(265, 'eyJ0eXAiOiJKV1QiLCJhbGciOiJIUzI1NiJ9.eyJ0b2tlbl90eXBlIjoicmVmcmVzaCIsImV4cCI6MTY2NTExOTQ1OSwiaWF0IjoxNjY1MDMzMDU5LCJqdGkiOiJiOTVmZDg3YTYyNGM0NTczYjZhNWQ4Nzg4ZjM0N2NmMCIsInVzZXJfaWQiOjMxfQ.kKCjfzR0OmxI7KcAtM5D1S8_jlxpLHB5CLqL_ZFk7mA', '2022-10-06 05:10:59.854843', '2022-10-07 05:10:59.000000', 31, 'b95fd87a624c4573b6a5d8788f347cf0'),
	(266, 'eyJ0eXAiOiJKV1QiLCJhbGciOiJIUzI1NiJ9.eyJ0b2tlbl90eXBlIjoicmVmcmVzaCIsImV4cCI6MTY2NTEyMDUyMSwiaWF0IjoxNjY1MDM0MTIxLCJqdGkiOiIwZjdiOTdhNDhhODE0M2ZiYjMzZjc5MWZmNTA1ZTAxNyIsInVzZXJfaWQiOjEwfQ.iMryvwCO3xv4n3a15B-kOKx6sK0MqaU7ZZDE4ooYFuo', '2022-10-06 05:28:41.257568', '2022-10-07 05:28:41.000000', NULL, '0f7b97a48a8143fbb33f791ff505e017'),
	(267, 'eyJ0eXAiOiJKV1QiLCJhbGciOiJIUzI1NiJ9.eyJ0b2tlbl90eXBlIjoicmVmcmVzaCIsImV4cCI6MTY2NTEyMDg2NSwiaWF0IjoxNjY1MDM0NDY1LCJqdGkiOiJhNDY0MTg1NTI5MWQ0MzMwYWE4ZTVhODdhY2Q2MDAzNiIsInVzZXJfaWQiOjEwfQ.MWcYz4mHHSvJjzWmsIxQUarjYzmOak2Hu-S292RUI4E', '2022-10-06 05:34:25.830605', '2022-10-07 05:34:25.000000', NULL, 'a4641855291d4330aa8e5a87acd60036'),
	(268, 'eyJ0eXAiOiJKV1QiLCJhbGciOiJIUzI1NiJ9.eyJ0b2tlbl90eXBlIjoicmVmcmVzaCIsImV4cCI6MTY2NTEyMTA5NiwiaWF0IjoxNjY1MDM0Njk2LCJqdGkiOiIxNDQ3MDg4ZGY4OTk0NGZlOWUwYTk5YWY4YzdjYzY0ZiIsInVzZXJfaWQiOjMxfQ.KOwyrO4BQwU8eIrMwDzVa6CIOk22lhjPv6GwSX2323g', '2022-10-06 05:38:16.105699', '2022-10-07 05:38:16.000000', 31, '1447088df89944fe9e0a99af8c7cc64f'),
	(269, 'eyJ0eXAiOiJKV1QiLCJhbGciOiJIUzI1NiJ9.eyJ0b2tlbl90eXBlIjoicmVmcmVzaCIsImV4cCI6MTY2NTEyMTI1MCwiaWF0IjoxNjY1MDM0ODUwLCJqdGkiOiJmMzBmMzkxNjFmZjI0ZTc1OThhYTk2M2UwMWU0ZWJhOCIsInVzZXJfaWQiOjF9.NnagkWXfJFRKsPKsSVgWFYubXo6JDrgnbI7D4-xU6g0', '2022-10-06 05:40:50.735858', '2022-10-07 05:40:50.000000', 1, 'f30f39161ff24e7598aa963e01e4eba8'),
	(270, 'eyJ0eXAiOiJKV1QiLCJhbGciOiJIUzI1NiJ9.eyJ0b2tlbl90eXBlIjoicmVmcmVzaCIsImV4cCI6MTY2NTEyMTgxNSwiaWF0IjoxNjY1MDM1NDE1LCJqdGkiOiI2MGFlOGVlY2NmOTQ0NjQ5YWNiYjExODdkMDVhMmY2OSIsInVzZXJfaWQiOjMwfQ.Zu_5HkfQ90T-Ng0z0sk1CGhG9gvZU2_lxtryLX5xKQ8', '2022-10-06 05:50:15.833476', '2022-10-07 05:50:15.000000', NULL, '60ae8eeccf944649acbb1187d05a2f69'),
	(271, 'eyJ0eXAiOiJKV1QiLCJhbGciOiJIUzI1NiJ9.eyJ0b2tlbl90eXBlIjoicmVmcmVzaCIsImV4cCI6MTY2NTEyMTg2MiwiaWF0IjoxNjY1MDM1NDYyLCJqdGkiOiJiOWE4MDNmYjc1YWI0NmJkYmNjMjhhM2EwNjUxNTFiMCIsInVzZXJfaWQiOjF9.RFwSvulHmM7bqYAk9I-9f-Z_SxNSnRjZCPQDToxT6Cg', '2022-10-06 05:51:02.089300', '2022-10-07 05:51:02.000000', 1, 'b9a803fb75ab46bdbcc28a3a065151b0'),
	(272, 'eyJ0eXAiOiJKV1QiLCJhbGciOiJIUzI1NiJ9.eyJ0b2tlbl90eXBlIjoicmVmcmVzaCIsImV4cCI6MTY2NTEyMjYyMSwiaWF0IjoxNjY1MDM2MjIxLCJqdGkiOiI5OTIzMTA4NzgxODE0ZDc1OTU0NmM4YTM3NjBhYWNmYiIsInVzZXJfaWQiOjMyfQ.U0fflPwr4jU3ZHe0LEJ_fta2likYX3PQXZuH6UIxJp0', '2022-10-06 06:03:41.950271', '2022-10-07 06:03:41.000000', 32, '9923108781814d759546c8a3760aacfb'),
	(273, 'eyJ0eXAiOiJKV1QiLCJhbGciOiJIUzI1NiJ9.eyJ0b2tlbl90eXBlIjoicmVmcmVzaCIsImV4cCI6MTY2NTEyMjYyMiwiaWF0IjoxNjY1MDM2MjIyLCJqdGkiOiJlZmU0OTZiMGFjYzc0YjZhOTY4NjdkYTA1YTQ0ZDQzOCIsInVzZXJfaWQiOjMyfQ.652wBx2NymPx8VJe557Dzvy2jf1DBfLhSCpMzrB7Rd0', '2022-10-06 06:03:42.913896', '2022-10-07 06:03:42.000000', 32, 'efe496b0acc74b6a96867da05a44d438'),
	(274, 'eyJ0eXAiOiJKV1QiLCJhbGciOiJIUzI1NiJ9.eyJ0b2tlbl90eXBlIjoicmVmcmVzaCIsImV4cCI6MTY2NTEyMzc1MSwiaWF0IjoxNjY1MDM3MzUxLCJqdGkiOiJmZjMyMzYwZWFiYzE0ZWY1YTFlY2Q4M2UxMDIzZGM2YiIsInVzZXJfaWQiOjMxfQ.kouYn7SJEHGzoOxegf_HjGk_qFTXazOW6S2mcImsxd0', '2022-10-06 06:22:31.250132', '2022-10-07 06:22:31.000000', 31, 'ff32360eabc14ef5a1ecd83e1023dc6b'),
	(275, 'eyJ0eXAiOiJKV1QiLCJhbGciOiJIUzI1NiJ9.eyJ0b2tlbl90eXBlIjoicmVmcmVzaCIsImV4cCI6MTY2NTEyMzkzMSwiaWF0IjoxNjY1MDM3NTMxLCJqdGkiOiIwZDg4OTk3ZTIwNDY0Y2Q0YTRlM2RkYzIwYTM0YmJiYSIsInVzZXJfaWQiOjI1fQ.RD8bLBO4_vc9kISK09ypV2wlMX4nOpxZetR2AGMEF64', '2022-10-06 06:25:31.293111', '2022-10-07 06:25:31.000000', 25, '0d88997e20464cd4a4e3ddc20a34bbba'),
	(276, 'eyJ0eXAiOiJKV1QiLCJhbGciOiJIUzI1NiJ9.eyJ0b2tlbl90eXBlIjoicmVmcmVzaCIsImV4cCI6MTY2NTEyNDA0NywiaWF0IjoxNjY1MDM3NjQ3LCJqdGkiOiIzMTY4ZmM1MjUxYWU0OTI2OTJkNjA4NjdjODdkNDFmMSIsInVzZXJfaWQiOjR9.4nvR-iCSrjsJXYZcEFrxcWgzljgCO7ICWfrqA0bzTNA', '2022-10-06 06:27:27.037132', '2022-10-07 06:27:27.000000', 4, '3168fc5251ae492692d60867c87d41f1'),
	(277, 'eyJ0eXAiOiJKV1QiLCJhbGciOiJIUzI1NiJ9.eyJ0b2tlbl90eXBlIjoicmVmcmVzaCIsImV4cCI6MTY2NTEyNDA4MywiaWF0IjoxNjY1MDM3NjgzLCJqdGkiOiIyNzFkZWY3MjQ2YWQ0YzEwYjNmNTAxYTNhNGQxNDVjZCIsInVzZXJfaWQiOjMzfQ.3KKZiwteA2r5DPQt2B0LHoKaqut3h7-svIe3Um9giVk', '2022-10-06 06:28:03.292916', '2022-10-07 06:28:03.000000', 33, '271def7246ad4c10b3f501a3a4d145cd'),
	(278, 'eyJ0eXAiOiJKV1QiLCJhbGciOiJIUzI1NiJ9.eyJ0b2tlbl90eXBlIjoicmVmcmVzaCIsImV4cCI6MTY2NTEyNDA4NCwiaWF0IjoxNjY1MDM3Njg0LCJqdGkiOiJkZTU2NDQwNzJjN2Y0YmFmYjYyZGMzMjExMTE2ODEwMiIsInVzZXJfaWQiOjMzfQ.dKM0MSrzpOhivCYIgTHp42qjyrkCMvqbs_rdrLQCpyg', '2022-10-06 06:28:04.251637', '2022-10-07 06:28:04.000000', 33, 'de5644072c7f4bafb62dc32111168102'),
	(279, 'eyJ0eXAiOiJKV1QiLCJhbGciOiJIUzI1NiJ9.eyJ0b2tlbl90eXBlIjoicmVmcmVzaCIsImV4cCI6MTY2NTEyNDE4MywiaWF0IjoxNjY1MDM3NzgzLCJqdGkiOiJiYzU0OGRjNmFhNDY0OTkxODY4NGJjZjBhODY0MjY1NCIsInVzZXJfaWQiOjEwfQ.oMOciUCNVQW946BFV1oW8kmx5uFJVM3FxEgWtUngL_8', '2022-10-06 06:29:43.233988', '2022-10-07 06:29:43.000000', NULL, 'bc548dc6aa4649918684bcf0a8642654'),
	(280, 'eyJ0eXAiOiJKV1QiLCJhbGciOiJIUzI1NiJ9.eyJ0b2tlbl90eXBlIjoicmVmcmVzaCIsImV4cCI6MTY2NTEyNDI1MywiaWF0IjoxNjY1MDM3ODUzLCJqdGkiOiI0ZTI3MDk1ZTY2ODY0ZGVmYTM4ZTg2MDM1MWIxZmZiNiIsInVzZXJfaWQiOjM0fQ.fvQP901cJBtuLOZq8JwD-meg_njp7NEMdUz2teb0c6A', '2022-10-06 06:30:53.332147', '2022-10-07 06:30:53.000000', 34, '4e27095e66864defa38e860351b1ffb6'),
	(281, 'eyJ0eXAiOiJKV1QiLCJhbGciOiJIUzI1NiJ9.eyJ0b2tlbl90eXBlIjoicmVmcmVzaCIsImV4cCI6MTY2NTEyNDI1NCwiaWF0IjoxNjY1MDM3ODU0LCJqdGkiOiJjZDA5OGM5YzRmNGM0NmY4OTU2Y2UzMjM3MmVmNjZlNyIsInVzZXJfaWQiOjM0fQ.Scf5ABUX4LsKzZ0GHLJMZDk7JBdpmfAJbZC50SHxiAQ', '2022-10-06 06:30:54.329796', '2022-10-07 06:30:54.000000', 34, 'cd098c9c4f4c46f8956ce32372ef66e7'),
	(282, 'eyJ0eXAiOiJKV1QiLCJhbGciOiJIUzI1NiJ9.eyJ0b2tlbl90eXBlIjoicmVmcmVzaCIsImV4cCI6MTY2NTEyNDI3MSwiaWF0IjoxNjY1MDM3ODcxLCJqdGkiOiIwODkzYzI2NmE3ZDU0MTFmOWYyZjBiYjA4YTQ3NmNjNiIsInVzZXJfaWQiOjMzfQ.egGanR-hNbPw2eD71BYYkZGinknc2kkRQtvi-60KVrE', '2022-10-06 06:31:11.161467', '2022-10-07 06:31:11.000000', 33, '0893c266a7d5411f9f2f0bb08a476cc6'),
	(283, 'eyJ0eXAiOiJKV1QiLCJhbGciOiJIUzI1NiJ9.eyJ0b2tlbl90eXBlIjoicmVmcmVzaCIsImV4cCI6MTY2NTEyNDI4MywiaWF0IjoxNjY1MDM3ODgzLCJqdGkiOiIxNTFhNTRmM2FkZTM0YTcyOTY3ZTM4YzdmNDk5Y2Q1NSIsInVzZXJfaWQiOjR9.YVZWTZ9wohNiIZuWe94QgmTyM_cuw6vbIrVZpFZvAj8', '2022-10-06 06:31:23.893116', '2022-10-07 06:31:23.000000', 4, '151a54f3ade34a72967e38c7f499cd55'),
	(284, 'eyJ0eXAiOiJKV1QiLCJhbGciOiJIUzI1NiJ9.eyJ0b2tlbl90eXBlIjoicmVmcmVzaCIsImV4cCI6MTY2NTEyNDM2NywiaWF0IjoxNjY1MDM3OTY3LCJqdGkiOiJlOWZmYTU4YjJjMWY0ZjhhOTI1MDgxZWE3MzIyNGY3NSIsInVzZXJfaWQiOjMzfQ.vIKL3iEk-S_KBBIr0qe6SkCWQnHwNgg7Inh0akwgogc', '2022-10-06 06:32:47.097881', '2022-10-07 06:32:47.000000', 33, 'e9ffa58b2c1f4f8a925081ea73224f75'),
	(285, 'eyJ0eXAiOiJKV1QiLCJhbGciOiJIUzI1NiJ9.eyJ0b2tlbl90eXBlIjoicmVmcmVzaCIsImV4cCI6MTY2NTEyNDM5MywiaWF0IjoxNjY1MDM3OTkzLCJqdGkiOiI4YjY5MTMxMDBhMWQ0OWM5OGU5MjAyODIwYmYxNDAwZiIsInVzZXJfaWQiOjR9.CixJ2FMw9UyMHaz6e_ss5qSe7dViCSt-Hu6RmtN3Oac', '2022-10-06 06:33:13.840062', '2022-10-07 06:33:13.000000', 4, '8b6913100a1d49c98e9202820bf1400f'),
	(286, 'eyJ0eXAiOiJKV1QiLCJhbGciOiJIUzI1NiJ9.eyJ0b2tlbl90eXBlIjoicmVmcmVzaCIsImV4cCI6MTY2NTEyNzczNSwiaWF0IjoxNjY1MDQxMzM1LCJqdGkiOiI3ODAyMmY1NTBiYTU0ODZlYjc5ZDE4MGU1ZDQxMmUxOCIsInVzZXJfaWQiOjM0fQ.2TTXbCF3VIBpvfFokj63My6TFYPRG5LLAQcp_kwKoks', '2022-10-06 07:28:55.608434', '2022-10-07 07:28:55.000000', 34, '78022f550ba5486eb79d180e5d412e18'),
	(287, 'eyJ0eXAiOiJKV1QiLCJhbGciOiJIUzI1NiJ9.eyJ0b2tlbl90eXBlIjoicmVmcmVzaCIsImV4cCI6MTY2NTEzMTA1MiwiaWF0IjoxNjY1MDQ0NjUyLCJqdGkiOiIzODk4MWM1MGM5ZTM0MDAyODE0OWQyOGUwOTI4MzcyYSIsInVzZXJfaWQiOjM0fQ.MIjqZaY9dp6uLpNQiEXBBgdYyyOXLJ_BIef5l6W2Bt0', '2022-10-06 08:24:12.287271', '2022-10-07 08:24:12.000000', 34, '38981c50c9e340028149d28e0928372a'),
	(288, 'eyJ0eXAiOiJKV1QiLCJhbGciOiJIUzI1NiJ9.eyJ0b2tlbl90eXBlIjoicmVmcmVzaCIsImV4cCI6MTY2NTEzMjY0MiwiaWF0IjoxNjY1MDQ2MjQyLCJqdGkiOiI2NmFhZWJmN2U1OTc0ZTEwYTAwYzQ2NDUyNzZiOTRlNiIsInVzZXJfaWQiOjR9.PqWWLX7wSa_TqFLYiNM6p_n5dyE1c5VnDSVv9gVmL0w', '2022-10-06 08:50:42.709680', '2022-10-07 08:50:42.000000', 4, '66aaebf7e5974e10a00c4645276b94e6'),
	(289, 'eyJ0eXAiOiJKV1QiLCJhbGciOiJIUzI1NiJ9.eyJ0b2tlbl90eXBlIjoicmVmcmVzaCIsImV4cCI6MTY2NTEzMjcxOCwiaWF0IjoxNjY1MDQ2MzE4LCJqdGkiOiJiN2VjZGYzNTA0NGY0NzdhYTYzZWVlYWY2Yjk4MDc0YiIsInVzZXJfaWQiOjI0fQ.4QwgjcB6w3ZXeTZvYFafXybOlCipVro5S9HaV74kFZU', '2022-10-06 08:51:58.658667', '2022-10-07 08:51:58.000000', 24, 'b7ecdf35044f477aa63eeeaf6b98074b'),
	(290, 'eyJ0eXAiOiJKV1QiLCJhbGciOiJIUzI1NiJ9.eyJ0b2tlbl90eXBlIjoicmVmcmVzaCIsImV4cCI6MTY2NTEzMzg1NiwiaWF0IjoxNjY1MDQ3NDU2LCJqdGkiOiIzZGI4MmVlZjUxZDI0NGVhYTdiMjYyYzIxM2MzMGZkMSIsInVzZXJfaWQiOjJ9.Sgop563RiLTmQ800Lz5DKBavqr6LCE0lVxez4RLXHPs', '2022-10-06 09:10:56.476262', '2022-10-07 09:10:56.000000', 2, '3db82eef51d244eaa7b262c213c30fd1'),
	(291, 'eyJ0eXAiOiJKV1QiLCJhbGciOiJIUzI1NiJ9.eyJ0b2tlbl90eXBlIjoicmVmcmVzaCIsImV4cCI6MTY2NTE0OTc0MCwiaWF0IjoxNjY1MDYzMzQwLCJqdGkiOiIzYzM5MzZhNjk2Yzc0MDkxYTcxNzg0MGNkODRjOGYwNCIsInVzZXJfaWQiOjM0fQ.NSEOLZWX-iMZdnBi6WVeDV09Bj25TMZG_xR2pbVdR-g', '2022-10-06 13:35:40.016164', '2022-10-07 13:35:40.000000', 34, '3c3936a696c74091a717840cd84c8f04'),
	(292, 'eyJ0eXAiOiJKV1QiLCJhbGciOiJIUzI1NiJ9.eyJ0b2tlbl90eXBlIjoicmVmcmVzaCIsImV4cCI6MTY2NTE1MTI1MywiaWF0IjoxNjY1MDY0ODUzLCJqdGkiOiJhN2IzNDIxZjEwYTU0ZGY4OWI3YmJkYzM4MDU1OWNmNCIsInVzZXJfaWQiOjR9.9f2FmCgGhZNZiXSH7EvZMZspkXWqLLdeLH7q_YwfM6I', '2022-10-06 14:00:53.152005', '2022-10-07 14:00:53.000000', 4, 'a7b3421f10a54df89b7bbdc380559cf4'),
	(293, 'eyJ0eXAiOiJKV1QiLCJhbGciOiJIUzI1NiJ9.eyJ0b2tlbl90eXBlIjoicmVmcmVzaCIsImV4cCI6MTY2NTE1Mzk5MywiaWF0IjoxNjY1MDY3NTkzLCJqdGkiOiI5YjVlZGIxZjg0N2U0OWQ5OWFlMWJjZTFmMmM3M2U4MCIsInVzZXJfaWQiOjR9.j_9WMl3upO5qjUCKZQ0WWjQEIIvMTG35uEStdExIazk', '2022-10-06 14:46:33.011025', '2022-10-07 14:46:33.000000', 4, '9b5edb1f847e49d99ae1bce1f2c73e80');
/*!40000 ALTER TABLE `token_blacklist_outstandingtoken` ENABLE KEYS */;

/*!40101 SET SQL_MODE=IFNULL(@OLD_SQL_MODE, '') */;
/*!40014 SET FOREIGN_KEY_CHECKS=IFNULL(@OLD_FOREIGN_KEY_CHECKS, 1) */;
/*!40101 SET CHARACTER_SET_CLIENT=@OLD_CHARACTER_SET_CLIENT */;
/*!40111 SET SQL_NOTES=IFNULL(@OLD_SQL_NOTES, 1) */;
